date,close
2016-06-06,110.45999908447266
2016-06-07,110.18000030517578
2016-06-08,110.37000274658203
2016-06-09,110.19000244140625
2016-06-10,108.94000244140625
2016-06-13,108.02999877929688
2016-06-14,108.02999877929688
2016-06-15,107.72000122070312
2016-06-16,108.04000091552734
2016-06-17,106.48999786376953
2016-06-20,107.16000366210938
2016-06-21,107.5
2016-06-22,107.23999786376953
2016-06-23,108.7699966430664
2016-06-24,104.29000091552734
2016-06-27,102.22000122070312
2016-06-28,104.45999908447266
2016-06-29,106.30999755859375
2016-06-30,107.54000091552734
2016-07-01,108.08000183105469
2016-07-05,107.41999816894531
2016-07-06,108.30000305175781
2016-07-07,108.62000274658203
2016-07-08,110.30000305175781
2016-07-11,110.93000030517578
2016-07-12,111.48999786376953
2016-07-13,111.22000122070312
2016-07-14,111.9800033569336
2016-07-15,111.80000305175781
2016-07-18,112.54000091552734
2016-07-19,112.12999725341797
2016-07-20,113.44000244140625
2016-07-21,113.18000030517578
2016-07-22,113.6500015258789
2016-07-25,113.66000366210938
2016-07-26,113.79000091552734
2016-07-27,114.58000183105469
2016-07-28,114.9800033569336
2016-07-29,115.2300033569336
2016-08-01,115.83999633789062
2016-08-02,114.95999908447266
2016-08-03,115.33999633789062
2016-08-04,115.66999816894531
2016-08-05,116.77999877929688
2016-08-08,116.6500015258789
2016-08-09,116.91999816894531
2016-08-10,116.62000274658203
2016-08-11,117.12000274658203
2016-08-12,117.19999694824219
2016-08-15,117.69999694824219
2016-08-16,117.05000305175781
2016-08-17,117.26000213623047
2016-08-18,117.29000091552734
2016-08-19,117.26000213623047
2016-08-22,117.3499984741211
2016-08-23,117.55999755859375
2016-08-24,116.80000305175781
2016-08-25,116.61000061035156
2016-08-26,116.77999877929688
2016-08-29,116.94000244140625
2016-08-30,116.55999755859375
2016-08-31,116.44000244140625
2016-09-01,116.73999786376953
2016-09-02,117.12000274658203
2016-09-06,117.8499984741211
2016-09-07,117.91999816894531
2016-09-08,117.2300033569336
2016-09-09,114.27999877929688
2016-09-12,116.33000183105469
2016-09-13,115.29000091552734
2016-09-14,115.83999633789062
2016-09-15,117.63999938964844
2016-09-16,117.29000091552734
2016-09-19,116.77999877929688
2016-09-20,117.0
2016-09-21,118.1500015258789
2016-09-22,119.08999633789062
2016-09-23,118.33000183105469
2016-09-26,117.33999633789062
2016-09-27,118.5
2016-09-28,118.69999694824219
2016-09-29,117.83999633789062
2016-09-30,118.72000122070312
2016-10-03,118.55000305175781
2016-10-04,118.37000274658203
2016-10-05,118.79000091552734
2016-10-06,118.7300033569336
2016-10-07,118.47000122070312
2016-10-10,119.22000122070312
2016-10-11,117.5199966430664
2016-10-12,117.41999816894531
2016-10-13,117.0
2016-10-14,117.13999938964844
2016-10-17,116.81999969482422
2016-10-18,117.86000061035156
2016-10-19,117.8499984741211
2016-10-20,117.70999908447266
2016-10-21,118.1500015258789
2016-10-24,119.56999969482422
2016-10-25,119.19000244140625
2016-10-26,118.37999725341797
2016-10-27,117.83999633789062
2016-10-28,117.0999984741211
2016-10-31,116.98999786376953
2016-11-01,116.11000061035156
2016-11-02,115.18000030517578
2016-11-03,114.05000305175781
2016-11-04,113.6500015258789
2016-11-07,116.3499984741211
2016-11-08,117.11000061035156
2016-11-09,117.6500015258789
2016-11-10,115.75
2016-11-11,115.80000305175781
2016-11-14,114.62999725341797
2016-11-15,116.22000122070312
2016-11-16,116.91000366210938
2016-11-17,117.76000213623047
2016-11-18,117.31999969482422
2016-11-21,118.54000091552734
2016-11-22,118.9000015258789
2016-11-23,118.41999816894531
2016-11-25,118.80000305175781
2016-11-28,118.52999877929688
2016-11-29,118.94000244140625
2016-11-30,117.5
2016-12-01,115.47000122070312
2016-12-02,115.69999694824219
2016-12-05,116.5999984741211
2016-12-06,116.87999725341797
2016-12-07,118.36000061035156
2016-12-08,118.56999969482422
2016-12-09,119.5
2016-12-12,118.95999908447266
2016-12-13,120.45999908447266
2016-12-14,120.20999908447266
2016-12-15,120.4000015258789
2016-12-16,119.5999984741211
2016-12-19,120.08999633789062
2016-12-20,120.55000305175781
2016-12-21,120.45999908447266
2016-12-22,120.12000274658203
2016-12-23,120.19999694824219
2016-12-27,120.81999969482422
2016-12-28,119.87999725341797
2016-12-29,119.70999908447266
2016-12-30,118.4800033569336
2017-01-03,119.54000091552734
2017-01-04,120.19000244140625
2017-01-05,120.87000274658203
2017-01-06,121.93000030517578
2017-01-09,122.33000183105469
2017-01-10,122.5999984741211
2017-01-11,122.93000030517578
2017-01-12,122.73999786376953
2017-01-13,123.16000366210938
2017-01-17,122.79000091552734
2017-01-18,123.04000091552734
2017-01-19,122.9800033569336
2017-01-20,123.25
2017-01-23,123.3499984741211
2017-01-24,124.18000030517578
2017-01-25,125.43000030517578
2017-01-26,125.55999755859375
2017-01-27,125.80000305175781
2017-01-30,124.81999969482422
2017-01-31,124.56999969482422
2017-02-01,125.43000030517578
2017-02-02,125.31999969482422
2017-02-03,125.68000030517578
2017-02-06,125.83000183105469
2017-02-07,126.29000091552734
2017-02-08,126.5
2017-02-09,126.95999908447266
2017-02-10,127.37999725341797
2017-02-13,128.10000610351562
2017-02-14,128.52999877929688
2017-02-15,129.2899932861328
2017-02-16,129.25
2017-02-17,129.80999755859375
2017-02-21,130.4499969482422
2017-02-22,130.5
2017-02-23,130.00999450683594
2017-02-24,130.25999450683594
2017-02-27,130.4199981689453
2017-02-28,130.02000427246094
2017-03-01,131.44000244140625
2017-03-02,130.77999877929688
2017-03-03,131.02000427246094
2017-03-06,130.72999572753906
2017-03-07,130.50999450683594
2017-03-08,130.74000549316406
2017-03-09,130.83999633789062
2017-03-10,131.38999938964844
2017-03-13,131.61000061035156
2017-03-14,131.2899932861328
2017-03-15,132.10000610351562
2017-03-16,132.00999450683594
2017-03-17,131.69000244140625
2017-03-20,131.80999755859375
2017-03-21,129.80999755859375
2017-03-22,130.69000244140625
2017-03-23,130.36000061035156
2017-03-24,130.6300048828125
2017-03-27,130.83999633789062
2017-03-28,131.63999938964844
2017-03-29,132.25
2017-03-30,132.47000122070312
2017-03-31,132.3800048828125
2017-04-03,132.3000030517578
2017-04-04,132.50999450683594
2017-04-05,131.97000122070312
2017-04-06,132.0399932861328
2017-04-07,131.97000122070312
2017-04-10,132.02000427246094
2017-04-11,131.4499969482422
2017-04-12,130.9199981689453
2017-04-13,130.39999389648438
2017-04-17,131.47999572753906
2017-04-18,131.27999877929688
2017-04-19,131.49000549316406
2017-04-20,132.58999633789062
2017-04-21,132.55999755859375
2017-04-24,134.16000366210938
2017-04-25,135.1300048828125
2017-04-26,134.94000244140625
2017-04-27,135.75
2017-04-28,135.99000549316406
2017-05-01,137.1999969482422
2017-05-02,137.42999267578125
2017-05-03,136.99000549316406
2017-05-04,137.0399932861328
2017-05-05,137.5399932861328
2017-05-08,137.83999633789062
2017-05-09,138.32000732421875
2017-05-10,138.39999389648438
2017-05-11,138.2899932861328
2017-05-12,138.60000610351562
2017-05-15,139.0399932861328
2017-05-16,139.6199951171875
2017-05-17,136.07000732421875
2017-05-18,137.25999450683594
2017-05-19,137.83999633789062
2017-05-22,139.0
2017-05-23,139.13999938964844
2017-05-24,139.77999877929688
2017-05-25,140.97000122070312
2017-05-26,141.22000122070312
2017-05-30,141.33999633789062
2017-05-31,141.2899932861328
2017-06-01,141.83999633789062
2017-06-02,143.4600067138672
2017-06-05,143.42999267578125
2017-06-06,142.86000061035156
2017-06-07,143.4199981689453
2017-06-08,143.57000732421875
2017-06-09,139.97999572753906
2017-06-12,139.22999572753906
2017-06-13,140.36000061035156
2017-06-14,139.75
2017-06-15,139.1300048828125
2017-06-16,138.14999389648438
2017-06-19,140.4600067138672
2017-06-20,139.36000061035156
2017-06-21,140.74000549316406
2017-06-22,140.6999969482422
2017-06-23,141.24000549316406
2017-06-26,140.5800018310547
2017-06-27,138.02999877929688
2017-06-28,140.02000427246094
2017-06-29,137.58999633789062
2017-06-30,137.63999938964844
2017-07-03,136.19000244140625
2017-07-05,137.52999877929688
2017-07-06,136.2899932861328
2017-07-07,137.75999450683594
2017-07-10,138.66000366210938
2017-07-11,139.0500030517578
2017-07-12,140.6999969482422
2017-07-13,141.00999450683594
2017-07-14,142.1199951171875
2017-07-17,142.19000244140625
2017-07-18,143.13999938964844
2017-07-19,143.97999572753906
2017-07-20,144.1699981689453
2017-07-21,144.11000061035156
2017-07-24,144.77000427246094
2017-07-25,144.39999389648438
2017-07-26,144.8699951171875
2017-07-27,143.9600067138672
2017-07-28,143.83999633789062
2017-07-31,143.22999572753906
2017-08-01,143.55999755859375
2017-08-02,143.9499969482422
2017-08-03,143.38999938964844
2017-08-04,143.64999389648438
2017-08-07,144.55999755859375
2017-08-08,144.30999755859375
2017-08-09,144.1199951171875
2017-08-10,141.02999877929688
2017-08-11,142.10000610351562
2017-08-14,143.92999267578125
2017-08-15,144.02999877929688
2017-08-16,144.27999877929688
2017-08-17,141.3300018310547
2017-08-18,141.22999572753906
2017-08-21,141.0500030517578
2017-08-22,143.1999969482422
2017-08-23,142.69000244140625
2017-08-24,142.27000427246094
2017-08-25,141.97000122070312
2017-08-28,142.41000366210938
2017-08-29,142.97000122070312
2017-08-30,144.64999389648438
2017-08-31,146.1999969482422
2017-09-01,146.0
2017-09-05,144.69000244140625
2017-09-06,145.1300048828125
2017-09-07,145.47000122070312
2017-09-08,144.2100067138672
2017-09-11,145.8699951171875
2017-09-12,146.22000122070312
2017-09-13,146.4199981689453
2017-09-14,145.55999755859375
2017-09-15,146.05999755859375
2017-09-18,145.5500030517578
2017-09-19,145.8000030517578
2017-09-20,145.35000610351562
2017-09-21,144.4600067138672
2017-09-22,144.32000732421875
2017-09-25,142.8000030517578
2017-09-26,143.1699981689453
2017-09-27,144.4600067138672
2017-09-28,144.41000366210938
2017-09-29,145.4499969482422
2017-10-02,145.5800018310547
2017-10-03,145.88999938964844
2017-10-04,146.02999877929688
2017-10-05,147.4600067138672
2017-10-06,147.66000366210938
2017-10-09,147.49000549316406
2017-10-10,147.60000610351562
2017-10-11,148.0399932861328
2017-10-12,147.77000427246094
2017-10-13,148.33999633789062
2017-10-16,148.85000610351562
2017-10-17,149.0399932861328
2017-10-18,148.86000061035156
2017-10-19,148.30999755859375
2017-10-20,148.7100067138672
2017-10-23,147.74000549316406
2017-10-24,147.99000549316406
2017-10-25,147.42999267578125
2017-10-26,146.9600067138672
2017-10-27,151.24000549316406
2017-10-30,151.5800018310547
2017-10-31,152.14999389648438
2017-11-01,152.10000610351562
2017-11-02,151.80999755859375
2017-11-03,153.27000427246094
2017-11-06,153.7899932861328
2017-11-07,153.8800048828125
2017-11-08,154.5
2017-11-09,153.69000244140625
2017-11-10,153.67999267578125
2017-11-13,153.8699951171875
2017-11-14,153.30999755859375
2017-11-15,152.58999633789062
2017-11-16,154.5399932861328
2017-11-17,153.9499969482422
2017-11-20,153.8300018310547
2017-11-21,155.5
2017-11-22,155.69000244140625
2017-11-24,156.25999450683594
2017-11-27,156.19000244140625
2017-11-28,156.58999633789062
2017-11-29,153.86000061035156
2017-11-30,155.14999389648438
2017-12-01,154.49000549316406
2017-12-04,152.7100067138672
2017-12-05,152.80999755859375
2017-12-06,153.5
2017-12-07,154.02000427246094
2017-12-08,154.6999969482422
2017-12-11,155.89999389648438
2017-12-12,155.69000244140625
2017-12-13,155.99000549316406
2017-12-14,155.8800048828125
2017-12-15,157.64999389648438
2017-12-18,158.63999938964844
2017-12-19,157.6999969482422
2017-12-20,157.52999877929688
2017-12-21,157.5500030517578
2017-12-22,157.3699951171875
2017-12-26,156.52000427246094
2017-12-27,156.5399932861328
2017-12-28,156.72999572753906
2017-12-29,155.75999450683594
2018-01-02,158.49000549316406
2018-01-03,160.02999877929688
2018-01-04,160.30999755859375
2018-01-05,161.9199981689453
2018-01-08,162.5500030517578
2018-01-09,162.55999755859375
2018-01-10,162.17999267578125
2018-01-11,163.2899932861328
2018-01-12,164.49000549316406
2018-01-16,164.02000427246094
2018-01-17,165.7899932861328
2018-01-18,165.82000732421875
2018-01-19,166.33999633789062
2018-01-22,168.1199951171875
2018-01-23,169.50999450683594
2018-01-24,168.41000366210938
2018-01-25,168.35000610351562
2018-01-26,170.92999267578125
2018-01-29,170.10000610351562
2018-01-30,168.6999969482422
2018-01-31,169.39999389648438
2018-02-01,167.9600067138672
2018-02-02,164.61000061035156
2018-02-05,158.1199951171875
2018-02-06,162.30999755859375
2018-02-07,160.2100067138672
2018-02-08,153.4499969482422
2018-02-09,156.10000610351562
2018-02-12,158.8699951171875
2018-02-13,159.69000244140625
2018-02-14,162.67999267578125
2018-02-15,165.6999969482422
2018-02-16,164.9600067138672
2018-02-20,165.2899932861328
2018-02-21,164.82000732421875
2018-02-22,164.8000030517578
2018-02-23,168.1699981689453
2018-02-26,170.39999389648438
2018-02-27,168.2899932861328
2018-02-28,167.2100067138672
2018-03-01,164.47999572753906
2018-03-02,165.99000549316406
2018-03-05,167.8300018310547
2018-03-06,168.5399932861328
2018-03-07,168.92999267578125
2018-03-08,169.86000061035156
2018-03-09,173.16000366210938
2018-03-12,174.0800018310547
2018-03-13,171.7100067138672
2018-03-14,171.67999267578125
2018-03-15,171.52999877929688
2018-03-16,171.02000427246094
2018-03-19,167.10000610351562
2018-03-20,167.64999389648438
2018-03-21,166.9199981689453
2018-03-22,162.8000030517578
2018-03-23,158.50999450683594
2018-03-26,164.39999389648438
2018-03-27,159.0800018310547
2018-03-28,157.25
2018-03-29,160.1300048828125
2018-04-02,155.50999450683594
2018-04-03,157.25999450683594
2018-04-04,159.74000549316406
2018-04-05,160.64999389648438
2018-04-06,156.6300048828125
2018-04-09,157.72999572753906
2018-04-10,161.2100067138672
2018-04-11,160.27999877929688
2018-04-12,162.2100067138672
2018-04-13,161.3699951171875
2018-04-16,162.60000610351562
2018-04-17,166.10000610351562
2018-04-18,166.44000244140625
2018-04-19,164.91000366210938
2018-04-20,162.3000030517578
2018-04-23,161.88999938964844
2018-04-24,158.4600067138672
2018-04-25,158.64999389648438
2018-04-26,161.99000549316406
2018-04-27,162.08999633789062
2018-04-30,160.94000244140625
2018-05-01,162.77999877929688
2018-05-02,161.82000732421875
2018-05-03,161.8000030517578
2018-05-04,164.8699951171875
2018-05-07,166.24000549316406
2018-05-08,166.07000732421875
2018-05-09,167.8800048828125
2018-05-10,169.6199951171875
2018-05-11,169.4600067138672
2018-05-14,169.75
2018-05-15,167.8699951171875
2018-05-16,168.97999572753906
2018-05-17,168.3300018310547
2018-05-18,167.4600067138672
2018-05-21,168.39999389648438
2018-05-22,168.17999267578125
2018-05-23,169.60000610351562
2018-05-24,169.5500030517578
2018-05-25,169.72000122070312
2018-05-29,168.97000122070312
2018-05-30,170.17999267578125
2018-05-31,170.07000732421875
2018-06-01,172.74000549316406
2018-06-04,174.3000030517578
2018-06-05,174.83999633789062
2018-06-06,175.86000061035156
2018-06-07,174.42999267578125
2018-06-08,174.44000244140625
2018-06-11,174.91000366210938
2018-06-12,175.8300018310547
2018-06-13,175.82000732421875
2018-06-14,177.60000610351562
2018-06-15,176.97999572753906
2018-06-18,176.5
2018-06-19,176.0
2018-06-20,177.25
2018-06-21,175.7100067138672
2018-06-22,175.32000732421875
2018-06-25,171.3699951171875
2018-06-26,172.07000732421875
2018-06-27,169.72999572753906
2018-06-28,171.19000244140625
2018-06-29,171.64999389648438
2018-07-02,172.8000030517578
2018-07-03,170.8000030517578
2018-07-05,172.9199981689453
2018-07-06,175.61000061035156
2018-07-09,177.19000244140625
2018-07-10,177.32000732421875
2018-07-11,176.4199981689453
2018-07-12,179.4600067138672
2018-07-13,179.61000061035156
2018-07-16,179.17999267578125
2018-07-17,180.27000427246094
2018-07-18,179.92999267578125
2018-07-19,179.02999877929688
2018-07-20,178.99000549316406
2018-07-23,179.55999755859375
2018-07-24,180.3000030517578
2018-07-25,182.82000732421875
2018-07-26,180.0500030517578
2018-07-27,177.6199951171875
2018-07-30,175.11000061035156
2018-07-31,176.4499969482422
2018-08-01,177.1199951171875
2018-08-02,179.52999877929688
2018-08-03,180.0800018310547
2018-08-06,181.13999938964844
2018-08-07,181.8000030517578
2018-08-08,182.02000427246094
2018-08-09,181.91000366210938
2018-08-10,180.52000427246094
2018-08-13,180.32000732421875
2018-08-14,181.4499969482422
2018-08-15,179.22999572753906
2018-08-16,179.82000732421875
2018-08-17,179.86000061035156
2018-08-20,179.6999969482422
2018-08-21,180.36000061035156
2018-08-22,181.05999755859375
2018-08-23,180.8000030517578
2018-08-24,182.47999572753906
2018-08-27,184.33999633789062
2018-08-28,184.61000061035156
2018-08-29,186.74000549316406
2018-08-30,186.41000366210938
2018-08-31,186.64999389648438
2018-09-04,185.85000610351562
2018-09-05,183.4499969482422
2018-09-06,181.80999755859375
2018-09-07,181.11000061035156
2018-09-10,181.72000122070312
2018-09-11,183.1199951171875
2018-09-12,182.5800018310547
2018-09-13,184.52999877929688
2018-09-14,183.99000549316406
2018-09-17,181.33999633789062
2018-09-18,182.83999633789062
2018-09-19,182.6999969482422
2018-09-20,184.72000122070312
2018-09-21,183.7100067138672
2018-09-24,183.88999938964844
2018-09-25,184.13999938964844
2018-09-26,184.27000427246094
2018-09-27,185.8300018310547
2018-09-28,185.7899932861328
2018-10-01,186.1699981689453
2018-10-02,185.75
2018-10-03,185.9499969482422
2018-10-04,182.3800048828125
2018-10-05,180.14999389648438
2018-10-08,179.0500030517578
2018-10-09,179.6300048828125
2018-10-10,171.72999572753906
2018-10-11,169.60000610351562
2018-10-12,174.32000732421875
2018-10-15,172.2100067138672
2018-10-16,177.22000122070312
2018-10-17,177.2899932861328
2018-10-18,173.17999267578125
2018-10-19,173.02000427246094
2018-10-22,173.91000366210938
2018-10-23,173.27000427246094
2018-10-24,165.33999633789062
2018-10-25,171.05999755859375
2018-10-26,166.66000366210938
2018-10-29,163.22999572753906
2018-10-30,165.9199981689453
2018-10-31,169.82000732421875
2018-11-01,172.05999755859375
2018-11-02,169.3800048828125
2018-11-05,168.9600067138672
2018-11-06,170.24000549316406
2018-11-07,175.5800018310547
2018-11-08,174.4600067138672
2018-11-09,171.52000427246094
2018-11-12,166.3300018310547
2018-11-13,166.47000122070312
2018-11-14,165.1999969482422
2018-11-15,168.08999633789062
2018-11-16,167.5
2018-11-19,162.05999755859375
2018-11-20,159.16000366210938
2018-11-21,160.3699951171875
2018-11-23,159.2100067138672
2018-11-26,162.88999938964844
2018-11-27,163.44000244140625
2018-11-28,168.6999969482422
2018-11-29,168.14999389648438
2018-11-30,169.3699951171875
2018-12-03,172.3300018310547
2018-12-04,165.72000122070312
2018-12-06,166.88999938964844
2018-12-07,161.3800048828125
2018-12-10,163.07000732421875
2018-12-11,163.61000061035156
2018-12-12,165.0500030517578
2018-12-13,165.10000610351562
2018-12-14,161.0800018310547
2018-12-17,157.42999267578125
2018-12-18,158.4199981689453
2018-12-19,154.52999877929688
2018-12-20,152.2899932861328
2018-12-21,147.57000732421875
2018-12-24,143.5
2018-12-26,152.4600067138672
2018-12-27,153.0500030517578
2018-12-28,152.97000122070312
2018-12-31,154.25999450683594
2019-01-02,154.8800048828125
2019-01-03,149.82000732421875
2019-01-04,156.22999572753906
2019-01-07,158.08999633789062
2019-01-08,159.52000427246094
2019-01-09,160.82000732421875
2019-01-10,161.27999877929688
2019-01-11,160.69000244140625
2019-01-14,159.27000427246094
2019-01-15,162.3800048828125
2019-01-16,162.35000610351562
2019-01-17,163.6300048828125
2019-01-18,165.25
2019-01-22,161.94000244140625
2019-01-23,162.14999389648438
2019-01-24,163.1999969482422
2019-01-25,165.14999389648438
2019-01-28,163.11000061035156
2019-01-29,161.57000732421875
2019-01-30,165.67999267578125
2019-01-31,168.16000366210938
2019-02-01,167.4499969482422
2019-02-04,169.52999877929688
2019-02-05,171.02999877929688
2019-02-06,170.52000427246094
2019-02-07,168.22999572753906
2019-02-08,168.55999755859375
2019-02-11,168.39999389648438
2019-02-12,170.88999938964844
2019-02-13,171.00999450683594
2019-02-14,171.22000122070312
2019-02-15,171.94000244140625
2019-02-19,172.27999877929688
2019-02-20,172.25
2019-02-21,171.6199951171875
2019-02-22,172.88999938964844
2019-02-25,173.52000427246094
2019-02-26,173.6999969482422
2019-02-27,173.58999633789062
2019-02-28,173.19000244140625
2019-03-01,174.38999938964844
2019-03-04,174.4199981689453
2019-03-05,174.5500030517578
2019-03-06,173.55999755859375
2019-03-07,171.42999267578125
2019-03-08,171.1699981689453
2019-03-11,174.72999572753906
2019-03-12,175.69000244140625
2019-03-13,177.00999450683594
2019-03-14,176.7100067138672
2019-03-15,178.35000610351562
2019-03-18,178.4499969482422
2019-03-19,179.0500030517578
2019-03-20,179.75999450683594
2019-03-21,182.57000732421875
2019-03-22,178.55999755859375
2019-03-25,178.22000122070312
2019-03-26,179.0500030517578
2019-03-27,177.89999389648438
2019-03-28,178.30999755859375
2019-03-29,179.66000366210938
2019-04-01,182.0399932861328
2019-04-02,182.72999572753906
2019-04-03,183.77999877929688
2019-04-04,183.7100067138672
2019-04-05,184.66000366210938
2019-04-08,185.1300048828125
2019-04-09,184.47999572753906
2019-04-10,185.47000122070312
2019-04-11,185.02999877929688
2019-04-12,185.8300018310547
2019-04-15,185.86000061035156
2019-04-16,186.5
2019-04-17,187.14999389648438
2019-04-18,187.38999938964844
2019-04-22,187.9199981689453
2019-04-23,190.30999755859375
2019-04-24,189.7100067138672
2019-04-25,190.47999572753906
2019-04-26,190.64999389648438
2019-04-29,191.02000427246094
2019-04-30,189.5399932861328
2019-05-01,188.92999267578125
2019-05-02,188.11000061035156
2019-05-03,191.11000061035156
2019-05-06,189.94000244140625
2019-05-07,186.24000549316406
2019-05-08,185.77000427246094
2019-05-09,184.77000427246094
2019-05-10,185.0
2019-05-13,178.5800018310547
2019-05-14,180.5399932861328
2019-05-15,183.08999633789062
2019-05-16,184.92999267578125
2019-05-17,183.0399932861328
2019-05-20,179.9499969482422
2019-05-21,181.8300018310547
2019-05-22,181.02000427246094
2019-05-23,178.25
2019-05-24,178.16000366210938
2019-05-28,177.49000549316406
2019-05-29,176.02999877929688
2019-05-30,176.77000427246094
2019-05-31,173.9499969482422
2019-06-03,170.1199951171875
2019-06-04,174.91000366210938
2019-06-05,176.2100067138672
2019-06-06,177.61000061035156
2019-06-07,181.0399932861328
2019-06-10,183.14999389648438
2019-06-11,183.39999389648438
2019-06-12,182.33999633789062
2019-06-13,183.4199981689453
2019-06-14,182.63999938964844
2019-06-17,183.74000549316406
2019-06-18,186.41000366210938
2019-06-19,187.11000061035156
2019-06-20,188.85000610351562
2019-06-21,188.57000732421875
2019-06-24,188.16000366210938
2019-06-25,184.92999267578125
2019-06-26,185.7899932861328
2019-06-27,186.5
2019-06-28,186.74000549316406
2019-07-01,189.25999450683594
2019-07-02,190.00999450683594
2019-07-03,191.44000244140625
2019-07-05,191.0500030517578
2019-07-08,189.7100067138672
2019-07-09,190.66000366210938
2019-07-10,192.55999755859375
2019-07-11,192.4199981689453
2019-07-12,193.52999877929688
2019-07-15,194.14999389648438
2019-07-16,193.14999389648438
2019-07-17,192.1999969482422
2019-07-18,192.4199981689453
2019-07-19,191.00999450683594
2019-07-22,192.52999877929688
2019-07-23,193.7899932861328
2019-07-24,195.14999389648438
2019-07-25,193.3000030517578
2019-07-26,195.2899932861328
2019-07-29,194.6199951171875
2019-07-30,193.77999877929688
2019-07-31,191.10000610351562
2019-08-01,190.14999389648438
2019-08-02,187.35000610351562
2019-08-05,180.72999572753906
2019-08-06,183.25999450683594
2019-08-07,184.25
2019-08-08,188.25999450683594
2019-08-09,186.49000549316406
2019-08-12,184.35000610351562
2019-08-13,188.38999938964844
2019-08-14,182.75999450683594
2019-08-15,182.5500030517578
2019-08-16,185.47999572753906
2019-08-19,188.42999267578125
2019-08-20,186.97000122070312
2019-08-21,188.6300048828125
2019-08-22,188.02000427246094
2019-08-23,182.07000732421875
2019-08-26,184.82000732421875
2019-08-27,184.42999267578125
2019-08-28,185.08999633789062
2019-08-29,187.9199981689453
2019-08-30,187.47000122070312
2019-09-03,185.64999389648438
2019-09-04,188.3300018310547
2019-09-05,191.77999877929688
2019-09-06,191.58999633789062
2019-09-09,191.19000244140625
2019-09-10,190.63999938964844
2019-09-11,192.42999267578125
2019-09-12,193.22999572753906
2019-09-13,192.5399932861328
2019-09-16,191.67999267578125
2019-09-17,192.60000610351562
2019-09-18,192.52000427246094
2019-09-19,192.83999633789062
2019-09-20,190.8000030517578
2019-09-23,190.5
2019-09-24,187.97000122070312
2019-09-25,190.0800018310547
2019-09-26,189.3800048828125
2019-09-27,187.02999877929688
2019-09-30,188.80999755859375
2019-10-01,187.27000427246094
2019-10-02,184.0500030517578
2019-10-03,186.07000732421875
2019-10-04,188.80999755859375
2019-10-07,188.24000549316406
2019-10-08,185.4199981689453
2019-10-09,187.22999572753906
2019-10-10,188.67999267578125
2019-10-11,191.11000061035156
2019-10-14,191.08999633789062
2019-10-15,193.52000427246094
2019-10-16,193.0399932861328
2019-10-17,193.5500030517578
2019-10-18,191.69000244140625
2019-10-21,193.38999938964844
2019-10-22,191.85000610351562
2019-10-23,192.22000122070312
2019-10-24,194.08999633789062
2019-10-25,195.63999938964844
2019-10-28,197.57000732421875
2019-10-29,196.0399932861328
2019-10-30,196.99000549316406
2019-10-31,197.0800018310547
2019-11-01,198.8699951171875
2019-11-04,200.10000610351562
2019-11-05,200.2100067138672
2019-11-06,199.75999450683594
2019-11-07,200.42999267578125
2019-11-08,201.22999572753906
2019-11-11,200.9600067138672
2019-11-12,201.5399932861328
2019-11-13,201.58999633789062
2019-11-14,201.42999267578125
2019-11-15,202.91000366210938
2019-11-18,203.07000732421875
2019-11-19,203.3699951171875
2019-11-20,202.14999389648438
2019-11-21,201.6999969482422
2019-11-22,201.8300018310547
2019-11-25,204.22000122070312
2019-11-26,204.61000061035156
2019-11-27,206.0399932861328
2019-11-29,205.10000610351562
2019-12-02,203.0
2019-12-03,201.41000366210938
2019-12-04,202.42999267578125
2019-12-05,202.8300018310547
2019-12-06,205.0
2019-12-09,204.07000732421875
2019-12-10,203.89999389648438
2019-12-11,204.97999572753906
2019-12-12,206.50999450683594
2019-12-13,207.19000244140625
2019-12-16,209.27000427246094
2019-12-17,209.38999938964844
2019-12-18,209.5500030517578
2019-12-19,210.86000061035156
2019-12-20,211.7100067138672
2019-12-23,211.80999755859375
2019-12-24,211.9199981689453
2019-12-26,213.7899932861328
2019-12-27,213.61000061035156
2019-12-30,212.2100067138672
2019-12-31,212.61000061035156
2020-01-02,216.16000366210938
2020-01-03,214.17999267578125
2020-01-06,215.55999755859375
2020-01-07,215.52999877929688
2020-01-08,217.14999389648438
2020-01-09,218.99000549316406
2020-01-10,218.42999267578125
2020-01-13,220.9499969482422
2020-01-14,220.0800018310547
2020-01-15,220.1699981689453
2020-01-16,222.27999877929688
2020-01-17,223.3800048828125
2020-01-21,223.27999877929688
2020-01-22,223.8699951171875
2020-01-23,224.58999633789062
2020-01-24,222.6999969482422
2020-01-27,218.10000610351562
2020-01-28,221.4499969482422
2020-01-29,221.80999755859375
2020-01-30,222.60000610351562
2020-01-31,219.07000732421875
2020-02-03,222.3800048828125
2020-02-04,227.47000122070312
2020-02-05,228.22000122070312
2020-02-06,230.19000244140625
2020-02-07,229.1999969482422
2020-02-10,231.97000122070312
2020-02-11,232.00999450683594
2020-02-12,234.27000427246094
2020-02-13,233.97000122070312
2020-02-14,234.63999938964844
2020-02-18,234.72999572753906
2020-02-19,236.97999572753906
2020-02-20,234.77999877929688
2020-02-21,230.27000427246094
2020-02-24,221.38999938964844
2020-02-25,215.3699951171875
2020-02-26,216.47999572753906
2020-02-27,205.63999938964844
2020-02-28,205.8000030517578
2020-03-02,216.4199981689453
2020-03-03,209.47999572753906
2020-03-04,218.22000122070312
2020-03-05,211.58999633789062
2020-03-06,208.02000427246094
2020-03-09,193.57000732421875
2020-03-10,204.11000061035156
2020-03-11,195.22000122070312
2020-03-12,177.32000732421875
2020-03-13,192.33999633789062
2020-03-16,169.3000030517578
2020-03-17,182.13999938964844
2020-03-18,176.60000610351562
2020-03-19,177.66000366210938
2020-03-20,170.6999969482422
2020-03-23,170.4600067138672
2020-03-24,183.66000366210938
2020-03-25,182.3000030517578
2020-03-26,191.89999389648438
2020-03-27,185.3000030517578
2020-03-30,192.0399932861328
2020-03-31,190.39999389648438
2020-04-01,182.30999755859375
2020-04-02,186.00999450683594
2020-04-03,183.3699951171875
2020-04-06,196.47999572753906
2020-04-07,196.39999389648438
2020-04-08,200.57000732421875
2020-04-09,200.86000061035156
2020-04-13,203.02999877929688
2020-04-14,211.86000061035156
2020-04-15,209.42999267578125
2020-04-16,213.25
2020-04-17,215.2899932861328
2020-04-20,212.74000549316406
2020-04-21,204.88999938964844
2020-04-22,210.97000122070312
2020-04-23,210.52000427246094
2020-04-24,213.83999633789062
2020-04-27,215.55999755859375
2020-04-28,211.5
2020-04-29,219.0
2020-04-30,218.91000366210938
2020-05-01,212.74000549316406
2020-05-04,215.22000122070312
2020-05-05,217.66000366210938
2020-05-06,219.0
2020-05-07,221.82000732421875
2020-05-08,224.86000061035156
2020-05-11,226.8699951171875
2020-05-12,222.1199951171875
2020-05-13,219.33999633789062
2020-05-14,221.8300018310547
2020-05-15,223.27000427246094
2020-05-18,227.42999267578125
2020-05-19,226.86000061035156
2020-05-20,231.38999938964844
2020-05-21,228.8699951171875
2020-05-22,229.66000366210938
2020-05-26,229.0399932861328
2020-05-27,230.2899932861328
2020-05-28,229.99000549316406
2020-05-29,233.36000061035156
2020-06-01,234.05999755859375
2020-06-02,235.6300048828125
2020-06-03,236.69000244140625
2020-06-04,235.02999877929688
2020-06-05,239.69000244140625
2020-06-08,241.5500030517578
2020-06-09,243.3000030517578
2020-06-10,246.22000122070312
2020-06-11,234.02000427246094
2020-06-12,235.8800048828125
2020-06-15,238.75
2020-06-16,242.85000610351562
2020-06-17,243.6199951171875
2020-06-18,244.27999877929688
2020-06-19,244.24000549316406
2020-06-22,246.74000549316406
2020-06-23,248.83999633789062
2020-06-24,243.7100067138672
2020-06-25,246.02999877929688
2020-06-26,240.22000122070312
2020-06-29,242.83999633789062
2020-06-30,247.60000610351562
2020-07-01,250.49000549316406
2020-07-02,252.19000244140625
2020-07-06,258.3900146484375
2020-07-07,256.6099853515625
2020-07-08,259.989990234375
2020-07-09,262.17999267578125
2020-07-10,263.9700012207031
2020-07-13,258.5400085449219
2020-07-14,260.3699951171875
2020-07-15,260.8999938964844
2020-07-16,259.1199951171875
2020-07-17,259.4200134277344
2020-07-20,266.7799987792969
2020-07-21,264.0
2020-07-22,264.92999267578125
2020-07-23,258.010009765625
2020-07-24,255.55999755859375
2020-07-27,260.1199951171875
2020-07-28,256.80999755859375
2020-07-29,259.7699890136719
2020-07-30,261.1300048828125
2020-07-31,265.7900085449219
2020-08-03,269.3800048828125
2020-08-04,270.3800048828125
2020-08-05,271.04998779296875
2020-08-06,274.6400146484375
2020-08-07,271.4700012207031
2020-08-10,270.30999755859375
2020-08-11,265.19000244140625
2020-08-12,271.8599853515625
2020-08-13,272.4800109863281
2020-08-14,272.1600036621094
2020-08-17,275.32000732421875
2020-08-18,277.9700012207031
2020-08-19,276.1000061035156
2020-08-20,279.92999267578125
2020-08-21,281.8699951171875
2020-08-24,283.6300048828125
2020-08-25,285.8599853515625
2020-08-26,291.9599914550781
2020-08-27,291.04998779296875
2020-08-28,292.5299987792969
2020-08-31,294.8800048828125
2020-09-01,299.9200134277344
2020-09-02,302.760009765625
2020-09-03,287.4100036621094
2020-09-04,283.5799865722656
2020-09-08,269.95001220703125
2020-09-09,277.8800048828125
2020-09-10,272.3399963378906
2020-09-11,270.45001220703125
2020-09-14,275.1600036621094
2020-09-15,279.05999755859375
2020-09-16,274.6099853515625
2020-09-17,270.32000732421875
2020-09-18,266.8699951171875
2020-09-21,267.510009765625
2020-09-22,272.4800109863281
2020-09-23,264.1600036621094
2020-09-24,265.3900146484375
2020-09-25,271.55999755859375
2020-09-28,277.20001220703125
2020-09-29,275.95001220703125
2020-09-30,277.8399963378906
2020-10-01,282.25
2020-10-02,274.30999755859375
2020-10-05,280.1600036621094
2020-10-06,275.1600036621094
2020-10-07,279.9200134277344
2020-10-08,281.4100036621094
2020-10-09,285.7099914550781
2020-10-12,294.5299987792969
2020-10-13,294.5199890136719
2020-10-14,292.05999755859375
2020-10-15,290.1000061035156
2020-10-16,288.510009765625
2020-10-19,283.79998779296875
2020-10-20,284.4100036621094
2020-10-21,284.19000244140625
2020-10-22,284.17999267578125
2020-10-23,284.739990234375
2020-10-26,280.4700012207031
2020-10-27,282.6600036621094
2020-10-28,271.6400146484375
2020-10-29,276.3900146484375
2020-10-30,269.3800048828125
2020-11-02,269.9800109863281
2020-11-03,274.6499938964844
2020-11-04,286.9100036621094
2020-11-05,294.3900146484375
2020-11-06,294.6099853515625
2020-11-09,288.5899963378906
2020-11-10,283.4200134277344
2020-11-11,289.760009765625
2020-11-12,288.3999938964844
2020-11-13,290.92999267578125
2020-11-16,293.20001220703125
2020-11-17,292.2699890136719
2020-11-18,290.1099853515625
2020-11-19,292.3800048828125
2020-11-20,290.3800048828125
2020-11-23,290.3900146484375
2020-11-24,294.4700012207031
2020-11-25,296.2799987792969
2020-11-27,299.010009765625
2020-11-30,299.6199951171875
2020-12-01,303.4599914550781
2020-12-02,303.8500061035156
2020-12-03,304.2799987792969
2020-12-04,305.5199890136719
2020-12-07,307.25
2020-12-08,308.2900085449219
2020-12-09,301.30999755859375
2020-12-10,302.5199890136719
2020-12-11,301.8500061035156
2020-12-14,304.0400085449219
2020-12-15,307.2900085449219
2020-12-16,308.9800109863281
2020-12-17,311.0
2020-12-18,310.05999755859375
2020-12-21,308.9200134277344
2020-12-22,309.760009765625
2020-12-23,308.20001220703125
2020-12-24,309.55999755859375
2020-12-28,312.67999267578125
2020-12-29,312.9599914550781
2020-12-30,312.9700012207031
2020-12-31,313.739990234375
2021-01-04,309.30999755859375
2021-01-05,311.8599853515625
2021-01-06,307.5400085449219
2021-01-07,314.9800109863281
2021-01-08,319.0299987792969
2021-01-11,314.4200134277344
2021-01-12,313.9200134277344
2021-01-13,316.0400085449219
2021-01-14,314.3500061035156
2021-01-15,311.8599853515625
2021-01-19,316.4100036621094
2021-01-20,323.7699890136719
2021-01-21,326.3599853515625
2021-01-22,325.4200134277344
2021-01-25,328.1099853515625
2021-01-26,328.5899963378906
2021-01-27,319.42999267578125
2021-01-28,321.32000732421875
2021-01-29,314.55999755859375
2021-02-01,322.4200134277344
2021-02-02,327.67999267578125
2021-02-03,326.3800048828125
2021-02-04,330.239990234375
2021-02-05,331.3599853515625
2021-02-08,333.5799865722656
2021-02-09,333.510009765625
2021-02-10,332.75
2021-02-11,334.5799865722656
2021-02-12,336.45001220703125
2021-02-16,335.5400085449219
2021-02-17,333.92999267578125
2021-02-18,332.4700012207031
2021-02-19,331.0199890136719
2021-02-22,322.44000244140625
2021-02-23,321.4800109863281
2021-02-24,324.1300048828125
2021-02-25,312.8299865722656
2021-02-26,314.1400146484375
2021-03-01,323.5899963378906
2021-03-02,318.3999938964844
2021-03-03,309.1600036621094
2021-03-04,304.1000061035156
2021-03-05,308.67999267578125
2021-03-08,299.94000244140625
2021-03-09,311.7699890136719
2021-03-10,310.8800048828125
2021-03-11,318.0400085449219
2021-03-12,315.4599914550781
2021-03-15,318.8299865722656
2021-03-16,320.5799865722656
2021-03-17,321.8999938964844
2021-03-18,312.0400085449219
2021-03-19,313.1400146484375
2021-03-22,318.6099853515625
2021-03-23,317.2200012207031
2021-03-24,311.8699951171875
2021-03-25,311.3299865722656
2021-03-26,316.0
2021-03-29,315.9100036621094
2021-03-30,314.32000732421875
2021-03-31,319.1300048828125
2021-04-01,324.57000732421875
2021-04-05,331.04998779296875
2021-04-06,330.82000732421875
2021-04-07,331.6199951171875
2021-04-08,335.0799865722656
2021-04-09,337.1099853515625
2021-04-12,336.6700134277344
2021-04-13,340.6000061035156
2021-04-14,336.510009765625
2021-04-15,341.6099853515625
2021-04-16,342.010009765625
2021-04-19,338.8800048828125
2021-04-20,336.4100036621094
2021-04-21,339.2900085449219
2021-04-22,335.20001220703125
2021-04-23,339.4200134277344
2021-04-26,341.6300048828125
2021-04-27,340.1499938964844
2021-04-28,339.0
2021-04-29,340.2200012207031
2021-04-30,337.989990234375
2021-05-03,336.19000244140625
2021-05-04,330.1400146484375
2021-05-05,329.0299987792969
2021-05-06,331.510009765625
2021-05-07,334.20001220703125
2021-05-10,325.760009765625
2021-05-11,325.30999755859375
2021-05-12,316.8900146484375
2021-05-13,319.3399963378906
2021-05-14,326.3900146484375
2021-05-17,324.4100036621094
2021-05-18,322.2200012207031
2021-05-19,322.5899963378906
2021-05-20,328.8299865722656
2021-05-21,327.010009765625
2021-05-24,332.510009765625
2021-05-25,332.9700012207031
2021-05-26,334.1300048828125
2021-05-27,332.8800048828125
2021-05-28,333.92999267578125
2021-06-01,332.82000732421875
2021-06-02,333.4700012207031
2021-06-03,330.0
2021-06-04,335.6000061035156
2021-06-07,336.6000061035156
2021-06-08,336.760009765625
2021-06-09,336.8399963378906
2021-06-10,340.3500061035156
2021-06-11,341.239990234375
2021-06-14,344.510009765625
2021-06-15,342.260009765625
2021-06-16,341.010009765625
2021-06-17,345.3399963378906
2021-06-18,342.6300048828125
2021-06-21,344.3599853515625
2021-06-22,347.57000732421875
2021-06-23,347.739990234375
2021-06-24,349.8900146484375
2021-06-25,349.4599914550781
2021-06-28,353.7099914550781
2021-06-29,354.989990234375
2021-06-30,354.42999267578125
2021-07-01,354.57000732421875
2021-07-02,358.6400146484375
2021-07-06,360.19000244140625
2021-07-07,360.95001220703125
2021-07-08,358.7699890136719
2021-07-09,361.010009765625
2021-07-12,362.4200134277344
2021-07-13,362.4200134277344
2021-07-14,363.07000732421875
2021-07-15,360.5199890136719
2021-07-16,357.6000061035156
2021-07-19,354.6700134277344
2021-07-20,358.7900085449219
2021-07-21,361.55999755859375
2021-07-22,363.95001220703125
2021-07-23,368.20001220703125
2021-07-26,368.489990234375
2021-07-27,364.42999267578125
2021-07-28,365.8299865722656
2021-07-29,366.4800109863281
2021-07-30,364.57000732421875
2021-08-02,364.6000061035156
2021-08-03,366.80999755859375
2021-08-04,367.3399963378906
2021-08-05,369.6700134277344
2021-08-06,368.04998779296875
2021-08-09,368.7300109863281
2021-08-10,366.8399963378906
2021-08-11,366.2099914550781
2021-08-12,367.5299987792969
2021-08-13,368.82000732421875
2021-08-16,368.9800109863281
2021-08-17,365.7300109863281
2021-08-18,362.2099914550781
2021-08-19,363.9599914550781
2021-08-20,367.7300109863281
2021-08-23,373.2300109863281
2021-08-24,374.3699951171875
2021-08-25,374.79998779296875
2021-08-26,372.4200134277344
2021-08-27,376.0400085449219
2021-08-30,380.260009765625
2021-08-31,379.95001220703125
2021-09-01,380.5799865722656
2021-09-02,380.3999938964844
2021-09-03,381.57000732421875
2021-09-07,382.1099853515625
2021-09-08,380.7799987792969
2021-09-09,379.4700012207031
2021-09-10,376.5899963378906
2021-09-13,376.3299865722656
2021-09-14,375.260009765625
2021-09-15,378.04998779296875
2021-09-16,378.30999755859375
2021-09-17,373.8299865722656
2021-09-20,365.70001220703125
2021-09-21,366.1499938964844
2021-09-22,369.57000732421875
2021-09-23,372.9800109863281
2021-09-24,373.3299865722656
2021-09-27,370.3500061035156
2021-09-28,359.8699951171875
2021-09-29,359.2799987792969
2021-09-30,357.9599914550781
2021-10-01,360.17999267578125
2021-10-04,352.6199951171875
2021-10-05,357.3800048828125
2021-10-06,359.6700134277344
2021-10-07,362.9700012207031
2021-10-08,361.1600036621094
2021-10-11,358.3900146484375
2021-10-12,357.1400146484375
2021-10-13,360.0
2021-10-14,366.6300048828125
2021-10-15,368.94000244140625
2021-10-18,372.6499938964844
2021-10-19,375.4700012207031
2021-10-20,374.9800109863281
2021-10-21,377.2699890136719
2021-10-22,374.1000061035156
2021-10-25,377.92999267578125
2021-10-26,379.1199951171875
2021-10-27,380.0
2021-10-28,384.2200012207031
2021-10-29,386.1099853515625
2021-11-01,387.42999267578125
2021-11-02,389.04998779296875
2021-11-03,393.17999267578125
2021-11-04,398.2200012207031
2021-11-05,398.6000061035156
2021-11-08,398.05999755859375
2021-11-09,395.32000732421875
2021-11-10,389.510009765625
2021-11-11,390.5899963378906
2021-11-12,394.70001220703125
2021-11-15,394.6099853515625
2021-11-16,397.4200134277344
2021-11-17,397.6300048828125
2021-11-18,401.75
2021-11-19,403.989990234375
2021-11-22,399.29998779296875
2021-11-23,397.4800109863281
2021-11-24,398.760009765625
2021-11-26,391.20001220703125
2021-11-29,399.69000244140625
2021-11-30,393.82000732421875
2021-12-01,387.1199951171875
2021-12-02,389.9100036621094
2021-12-03,383.1300048828125
2021-12-06,386.20001220703125
2021-12-07,397.8299865722656
2021-12-08,399.6099853515625
2021-12-09,393.7300109863281
2021-12-10,398.010009765625
2021-12-13,392.260009765625
2021-12-14,388.20001220703125
2021-12-15,397.04998779296875
2021-12-16,386.8399963378906
2021-12-17,384.9100036621094
2021-12-20,380.69000244140625
2021-12-21,389.2099914550781
2021-12-22,393.95001220703125
2021-12-23,396.9200134277344
2021-12-27,403.4800109863281
2021-12-28,401.6099853515625
2021-12-29,401.54998779296875
2021-12-30,400.3500061035156
2021-12-31,397.8500061035156
2022-01-03,401.67999267578125
2022-01-04,396.4700012207031
2022-01-05,384.2900085449219
2022-01-06,384.0199890136719
2022-01-07,379.8599853515625
2022-01-10,380.1099853515625
2022-01-11,385.82000732421875
2022-01-12,387.3500061035156
2022-01-13,377.6600036621094
2022-01-14,380.010009765625
2022-01-18,370.54998779296875
2022-01-19,366.4800109863281
2022-01-20,361.7200012207031
2022-01-21,351.69000244140625
2022-01-24,353.29998779296875
2022-01-25,345.1099853515625
2022-01-26,344.57000732421875
2022-01-27,341.1000061035156
2022-01-28,351.79998779296875
2022-01-31,363.04998779296875
2022-02-01,365.5199890136719
2022-02-02,368.489990234375
2022-02-03,353.54998779296875
2022-02-04,358.010009765625
2022-02-07,355.1300048828125
2022-02-08,359.1199951171875
2022-02-09,366.7300109863281
2022-02-10,358.42999267578125
2022-02-11,347.05999755859375
2022-02-14,347.489990234375
2022-02-15,356.1300048828125
2022-02-16,356.0400085449219
2022-02-17,345.45001220703125
2022-02-18,341.510009765625
2022-02-22,338.0799865722656
2022-02-23,329.4200134277344
2022-02-24,340.489990234375
2022-02-25,345.7699890136719
2022-02-28,346.79998779296875
2022-03-01,341.489990234375
2022-03-02,347.2200012207031
2022-03-03,342.260009765625
2022-03-04,337.29998779296875
2022-03-07,324.8599853515625
2022-03-08,323.3500061035156
2022-03-09,334.989990234375
2022-03-10,331.2699890136719
2022-03-11,324.3999938964844
2022-03-14,318.1700134277344
2022-03-15,328.1499938964844
2022-03-16,340.32000732421875
2022-03-17,344.44000244140625
2022-03-18,351.489990234375
2022-03-21,350.0799865722656
2022-03-22,356.9599914550781
2022-03-23,351.8299865722656
2022-03-24,359.6499938964844
2022-03-25,359.3500061035156
2022-03-28,364.9100036621094
2022-03-29,371.19000244140625
2022-03-30,367.0899963378906
2022-03-31,362.5400085449219
2022-04-01,361.8500061035156
2022-04-04,369.29998779296875
2022-04-05,361.1000061035156
2022-04-06,353.260009765625
2022-04-07,354.1000061035156
2022-04-08,349.1499938964844
2022-04-11,340.8900146484375
2022-04-12,339.45001220703125
2022-04-13,346.3500061035156
2022-04-14,338.42999267578125
2022-04-18,338.69000244140625
2022-04-19,346.260009765625
2022-04-20,341.2099914550781
2022-04-21,334.1499938964844
2022-04-22,325.3999938964844
2022-04-25,329.5799865722656
2022-04-26,317.1400146484375
2022-04-27,316.760009765625
2022-04-28,328.010009765625
2022-04-29,313.25
2022-05-02,318.4800109863281
2022-05-03,318.82000732421875
2022-05-04,329.6000061035156
2022-05-05,313.0
2022-05-06,309.25
2022-05-09,297.1499938964844
2022-05-10,300.760009765625
2022-05-11,291.8399963378906
2022-05-12,291.1499938964844
2022-05-13,301.94000244140625
2022-05-16,298.44000244140625
2022-05-17,306.1700134277344
2022-05-18,291.1400146484375
2022-05-19,289.5799865722656
2022-05-20,288.67999267578125
2022-05-23,293.4800109863281
2022-05-24,287.239990234375
2022-05-25,291.260009765625
2022-05-26,299.3299865722656
2022-05-27,309.1000061035156
2022-05-31,308.2799987792969
2022-06-01,306.0
2022-06-02,314.3800048828125
2022-06-03,306.20001220703125
2022-06-06,307.2200012207031
2022-06-07,309.8699951171875
2022-06-08,307.6400146484375
2022-06-09,299.3999938964844
2022-06-10,288.8399963378906
2022-06-13,275.4100036621094
2022-06-14,275.9100036621094
2022-06-15,282.79998779296875
2022-06-16,271.3900146484375
2022-06-17,274.69000244140625
2022-06-21,281.0799865722656
2022-06-22,280.6700134277344
2022-06-23,284.8500061035156
2022-06-24,294.6099853515625
2022-06-27,292.45001220703125
2022-06-28,283.5400085449219
2022-06-29,283.79998779296875
2022-06-30,280.2799987792969
2022-07-01,282.1300048828125
2022-07-05,286.9599914550781
2022-07-06,288.79998779296875
2022-07-07,294.9800109863281
2022-07-08,295.3500061035156
2022-07-11,289.0400085449219
2022-07-12,286.239990234375
2022-07-13,285.6499938964844
2022-07-14,286.6700134277344
2022-07-15,291.8699951171875
2022-07-18,289.3999938964844
2022-07-19,298.29998779296875
2022-07-20,303.0299987792969
2022-07-21,307.3800048828125
2022-07-22,301.989990234375
2022-07-25,300.2699890136719
2022-07-26,294.3699951171875
2022-07-27,306.80999755859375
2022-07-28,309.80999755859375
2022-07-29,315.4599914550781
2022-08-01,315.2699890136719
2022-08-02,314.3299865722656
2022-08-03,322.8900146484375
2022-08-04,324.3999938964844
2022-08-05,321.75
2022-08-08,320.7099914550781
2022-08-09,317.0799865722656
2022-08-10,325.92999267578125
2022-08-11,324.0799865722656
2022-08-12,330.3900146484375
2022-08-15,333.05999755859375
2022-08-16,332.2799987792969
2022-08-17,328.489990234375
2022-08-18,329.2799987792969
2022-08-19,322.8599853515625
2022-08-22,314.3599853515625
2022-08-23,314.1000061035156
2022-08-24,315.010009765625
2022-08-25,320.5799865722656
2022-08-26,307.44000244140625
2022-08-29,304.4100036621094
2022-08-30,301.0199890136719
2022-08-31,299.2699890136719
2022-09-01,299.3999938964844
2022-09-02,295.1700134277344
2022-09-06,293.04998779296875
2022-09-07,298.9700012207031
2022-09-08,300.5199890136719
2022-09-09,307.0899963378906
2022-09-12,310.739990234375
2022-09-13,293.70001220703125
2022-09-14,296.0299987792969
2022-09-15,291.1000061035156
2022-09-16,289.32000732421875
2022-09-19,291.04998779296875
2022-09-20,288.7300109863281
2022-09-21,283.55999755859375
2022-09-22,280.07000732421875
2022-09-23,275.510009765625
2022-09-26,274.3699951171875
2022-09-27,274.4800109863281
2022-09-28,279.94000244140625
2022-09-29,271.8699951171875
2022-09-30,267.260009765625
2022-10-03,273.5299987792969
2022-10-04,282.1300048828125
2022-10-05,281.9800109863281
2022-10-06,279.760009765625
2022-10-07,269.1000061035156
2022-10-10,266.4100036621094
2022-10-11,262.75
2022-10-12,262.6600036621094
2022-10-13,268.82000732421875
2022-10-14,260.739990234375
2022-10-17,269.3500061035156
2022-10-18,271.4800109863281
2022-10-19,270.489990234375
2022-10-20,269.1099853515625
2022-10-21,275.4200134277344
2022-10-24,278.45001220703125
2022-10-25,284.2099914550781
2022-10-26,277.92999267578125
2022-10-27,272.8699951171875
2022-10-28,281.2200012207031
2022-10-31,277.95001220703125
2022-11-01,275.1099853515625
2022-11-02,265.67999267578125
2022-11-03,260.489990234375
2022-11-04,264.67999267578125
2022-11-07,267.5899963378906
2022-11-08,269.5400085449219
2022-11-09,263.32000732421875
2022-11-10,282.75
2022-11-11,287.9599914550781
2022-11-14,285.44000244140625
2022-11-15,289.3900146484375
2022-11-16,285.44000244140625
2022-11-17,284.80999755859375
2022-11-18,284.82000732421875
2022-11-21,281.8900146484375
2022-11-22,285.95001220703125
2022-11-23,288.82000732421875
2022-11-25,286.9200134277344
2022-11-28,282.7099914550781
2022-11-29,280.57000732421875
2022-11-30,293.3599853515625
2022-12-01,293.7200012207031
2022-12-02,292.54998779296875
2022-12-05,287.6400146484375
2022-12-06,281.67999267578125
2022-12-07,280.5299987792969
2022-12-08,283.8500061035156
2022-12-09,282.0400085449219
2022-12-12,285.5799865722656
2022-12-13,288.6499938964844
2022-12-14,286.510009765625
2022-12-15,276.8900146484375
2022-12-16,274.25
2022-12-19,269.75
2022-12-20,269.5400085449219
2022-12-21,273.45001220703125
2022-12-22,266.760009765625
2022-12-23,267.3599853515625
2022-12-27,263.5799865722656
2022-12-28,260.1000061035156
2022-12-29,266.44000244140625
2022-12-30,266.2799987792969
2023-01-03,264.4800109863281
2023-01-04,265.739990234375
2023-01-05,261.5799865722656
2023-01-06,268.79998779296875
2023-01-09,270.5400085449219
2023-01-10,272.8299865722656
2023-01-11,277.54998779296875
2023-01-12,279.04998779296875
2023-01-13,280.9700012207031
2023-01-17,281.5400085449219
2023-01-18,277.8800048828125
2023-01-19,275.1499938964844
2023-01-20,282.67999267578125
2023-01-23,288.9599914550781
2023-01-24,288.3699951171875
2023-01-25,287.7300109863281
2023-01-26,293.3399963378906
2023-01-27,296.260009765625
2023-01-30,290.2699890136719
2023-01-31,294.6199951171875
2023-02-01,300.9200134277344
2023-02-02,311.7200012207031
2023-02-03,306.17999267578125
2023-02-06,303.5899963378906
2023-02-07,309.8800048828125
2023-02-08,304.3699951171875
2023-02-09,301.67999267578125
2023-02-10,299.70001220703125
2023-02-13,304.5
2023-02-14,306.75
2023-02-15,309.1000061035156
2023-02-16,303.29998779296875
2023-02-17,301.1600036621094
2023-02-21,294.0299987792969
2023-02-22,294.25
2023-02-23,296.82000732421875
2023-02-24,291.8500061035156
2023-02-27,293.94000244140625
2023-02-28,293.55999755859375
2023-03-01,291.20001220703125
2023-03-02,293.6099853515625
2023-03-03,299.67999267578125
2023-03-06,300.0199890136719
2023-03-07,296.3399963378906
2023-03-08,297.82000732421875
2023-03-09,292.6600036621094
2023-03-10,288.54998779296875
2023-03-13,290.69000244140625
2023-03-14,297.3699951171875
2023-03-15,298.92999267578125
2023-03-16,306.80999755859375
2023-03-17,305.3599853515625
2023-03-20,305.9700012207031
2023-03-21,310.3399963378906
2023-03-22,306.1199951171875
2023-03-23,309.75
2023-03-24,310.8900146484375
2023-03-27,308.760009765625
2023-03-28,307.1199951171875
2023-03-29,312.7200012207031
2023-03-30,315.67999267578125
2023-03-31,320.92999267578125
2023-04-03,320.1499938964844
2023-04-04,319.07000732421875
2023-04-05,315.9200134277344
2023-04-06,318.04998779296875
2023-04-10,317.8699951171875
2023-04-11,315.8299865722656
2023-04-12,313.0400085449219
2023-04-13,319.1700134277344
2023-04-14,318.57000732421875
2023-04-17,318.8399963378906
2023-04-18,318.8599853515625
2023-04-19,318.7099914550781
2023-04-20,316.2799987792969
2023-04-21,316.6099853515625
2023-04-24,315.95001220703125
2023-04-25,309.989990234375
2023-04-26,311.8699951171875
2023-04-27,320.3500061035156
2023-04-28,322.55999755859375
2023-05-01,322.19000244140625
2023-05-02,319.3800048828125
2023-05-03,317.2900085449219
2023-05-04,316.1700134277344
2023-05-05,322.8900146484375
2023-05-08,323.69000244140625
2023-05-09,321.6400146484375
2023-05-10,325.1400146484375
2023-05-11,326.20001220703125
2023-05-12,325.0299987792969
2023-05-15,326.7900085449219
2023-05-16,327.1600036621094
2023-05-17,331.1199951171875
2023-05-18,337.2699890136719
2023-05-19,336.510009765625
2023-05-22,337.6400146484375
2023-05-23,333.3599853515625
2023-05-24,331.6499938964844
2023-05-25,339.7200012207031
2023-05-26,348.3999938964844
2023-05-30,349.9800109863281
2023-05-31,347.989990234375
2023-06-01,352.010009765625
2023-06-02,354.6499938964844
2023-06-05,354.8999938964844
2023-06-06,354.8399963378906
2023-06-07,348.82000732421875
2023-06-08,353.1499938964844
2023-06-09,354.5
2023-06-12,360.489990234375
2023-06-13,363.260009765625
2023-06-14,365.8999938964844
2023-06-15,370.260009765625
2023-06-16,367.92999267578125
2023-06-20,366.8999938964844
2023-06-21,361.8999938964844
2023-06-22,366.1700134277344
2023-06-23,362.5400085449219
2023-06-26,357.67999267578125
2023-06-27,363.8299865722656
2023-06-28,364.5400085449219
2023-06-29,363.80999755859375
2023-06-30,369.4200134277344
2023-07-03,370.2900085449219
2023-07-05,370.2799987792969
2023-07-06,367.4599914550781
2023-07-07,366.239990234375
2023-07-10,366.3599853515625
2023-07-11,368.1700134277344
2023-07-12,372.82000732421875
2023-07-13,379.1499938964844
2023-07-14,379.07000732421875
2023-07-17,382.6099853515625
2023-07-18,385.739990234375
2023-07-19,385.6499938964844
2023-07-20,376.760009765625
2023-07-21,375.6300048828125
2023-07-24,376.2300109863281
2023-07-25,378.7799987792969
2023-07-26,377.5199890136719
2023-07-27,376.6199951171875
2023-07-28,383.4800109863281
2023-07-31,383.67999267578125
2023-08-01,382.7900085449219
2023-08-02,374.3900146484375
2023-08-03,373.7900085449219
2023-08-04,372.0400085449219
2023-08-07,375.19000244140625
2023-08-08,372.0
2023-08-09,367.9100036621094
2023-08-10,368.5899963378906
2023-08-11,366.239990234375
2023-08-14,370.3500061035156
2023-08-15,366.4200134277344
2023-08-16,362.5400085449219
2023-08-17,358.5799865722656
2023-08-18,358.1300048828125
2023-08-21,363.8999938964844
2023-08-22,363.3800048828125
2023-08-23,369.1099853515625
2023-08-24,361.2200012207031
2023-08-25,364.0199890136719
2023-08-28,366.760009765625
2023-08-29,374.7699890136719
2023-08-30,376.8599853515625
2023-08-31,377.989990234375
2023-09-01,377.5899963378906
2023-09-05,378.07000732421875
2023-09-06,374.739990234375
2023-09-07,372.05999755859375
2023-09-08,372.5799865722656
2023-09-11,376.9700012207031
2023-09-12,372.7900085449219
2023-09-13,374.2099914550781
2023-09-14,377.2699890136719
2023-09-15,370.80999755859375
2023-09-18,370.6600036621094
2023-09-19,369.8699951171875
2023-09-20,364.5400085449219
2023-09-21,357.8599853515625
2023-09-22,357.9100036621094
2023-09-25,359.6099853515625
2023-09-26,354.2099914550781
2023-09-27,355.0400085449219
2023-09-28,358.010009765625
2023-09-29,358.2699890136719
2023-10-02,361.260009765625
2023-10-03,354.9200134277344
2023-10-04,359.75
2023-10-05,358.69000244140625
2023-10-06,364.70001220703125
2023-10-09,366.55999755859375
2023-10-10,368.5899963378906
2023-10-11,371.2200012207031
2023-10-12,369.92999267578125
2023-10-13,365.2799987792969
2023-10-16,369.4100036621094
2023-10-17,368.20001220703125
2023-10-18,363.3699951171875
2023-10-19,359.9700012207031
2023-10-20,354.6000061035156
2023-10-23,355.6700134277344
2023-10-24,359.1300048828125
2023-10-25,350.3399963378906
2023-10-26,343.6600036621094
2023-10-27,345.30999755859375
2023-10-30,349.20001220703125
2023-10-31,350.8699951171875
2023-11-01,356.9599914550781
2023-11-02,363.44000244140625
2023-11-03,367.7099914550781
2023-11-06,369.2099914550781
2023-11-07,372.70001220703125
2023-11-08,372.94000244140625
2023-11-09,370.07000732421875
2023-11-10,378.3900146484375
2023-11-13,377.2099914550781
2023-11-14,385.3299865722656
2023-11-15,385.6199951171875
2023-11-16,385.95001220703125
2023-11-17,386.0400085449219
2023-11-20,390.739990234375
2023-11-21,388.4700012207031
2023-11-22,390.05999755859375
2023-11-24,389.510009765625
2023-11-27,389.1700134277344
2023-11-28,390.19000244140625
2023-11-29,389.80999755859375
2023-11-30,388.8299865722656
2023-12-01,389.94000244140625
2023-12-04,386.32000732421875
2023-12-05,387.2900085449219
2023-12-06,385.04998779296875
2023-12-07,390.42999267578125
2023-12-08,392.1700134277344
2023-12-11,395.5199890136719
2023-12-12,398.6700134277344
2023-12-13,403.739990234375
2023-12-14,403.3900146484375
2023-12-15,405.3399963378906
2023-12-18,407.0799865722656
2023-12-19,409.1600036621094
2023-12-20,403.0799865722656
2023-12-21,407.7699890136719
2023-12-22,408.3800048828125
2023-12-26,410.8800048828125
2023-12-27,411.5
2023-12-28,411.29998779296875
2023-12-29,409.5199890136719
2024-01-02,402.5899963378906
2024-01-03,398.3299865722656
2024-01-04,396.2799987792969
2024-01-05,396.75
2024-01-08,404.95001220703125
2024-01-09,405.75
2024-01-10,408.5
2024-01-11,409.3500061035156
2024-01-12,409.55999755859375
2024-01-16,409.5199890136719
2024-01-17,407.2099914550781
2024-01-18,412.989990234375
2024-01-19,421.17999267578125
2024-01-22,421.7300109863281
2024-01-23,423.4800109863281
2024-01-24,425.8299865722656
2024-01-25,426.3500061035156
2024-01-26,423.80999755859375
2024-01-29,428.1499938964844
2024-01-30,425.29998779296875
2024-01-31,416.9700012207031
2024-02-01,421.8800048828125
2024-02-02,429.010009765625
2024-02-05,428.45001220703125
2024-02-06,427.5899963378906
2024-02-07,431.989990234375
2024-02-08,432.7900085449219
2024-02-09,437.04998779296875
2024-02-12,435.3399963378906
2024-02-13,428.54998779296875
2024-02-14,433.2200012207031
2024-02-15,434.510009765625
2024-02-16,430.57000732421875
2024-02-20,427.32000732421875
2024-02-21,425.6099853515625
2024-02-22,438.07000732421875
2024-02-23,436.7799987792969
2024-02-26,436.54998779296875
2024-02-27,437.6000061035156
2024-02-28,435.2699890136719
2024-02-29,439.0
2024-03-01,445.6099853515625
2024-03-04,444.0199890136719
2024-03-05,436.04998779296875
2024-03-06,438.7900085449219
2024-03-07,445.45001220703125
2024-03-08,439.0199890136719
2024-03-11,437.3900146484375
2024-03-12,443.6600036621094
2024-03-13,440.25
2024-03-14,439.1400146484375
2024-03-15,433.9200134277344
2024-03-18,437.4800109863281
2024-03-19,438.57000732421875
2024-03-20,443.7699890136719
2024-03-21,445.8699951171875
2024-03-22,446.3800048828125
2024-03-25,444.760009765625
2024-03-26,443.32000732421875
2024-03-27,444.8299865722656
2024-03-28,444.010009765625
2024-04-01,444.95001220703125
2024-04-02,441.1099853515625
2024-04-03,442.1000061035156
2024-04-04,435.3399963378906
2024-04-05,440.4700012207031
2024-04-08,440.6000061035156
2024-04-09,442.2300109863281
2024-04-10,438.3699951171875
2024-04-11,445.3699951171875
2024-04-12,438.2699890136719
2024-04-15,431.05999755859375
2024-04-16,431.1000061035156
2024-04-17,425.8399963378906
2024-04-18,423.4100036621094
2024-04-19,414.6499938964844
2024-04-22,418.82000732421875
2024-04-23,425.07000732421875
2024-04-24,426.510009765625
2024-04-25,424.45001220703125
2024-04-26,431.0
2024-04-29,432.75
2024-04-30,424.5899963378906
2024-05-01,421.5199890136719
2024-05-02,426.8999938964844
2024-05-03,435.4800109863281
2024-05-06,440.25
2024-05-07,440.32000732421875
2024-05-08,440.05999755859375
2024-05-09,441.0199890136719
2024-05-10,442.05999755859375
2024-05-13,443.0799865722656
2024-05-14,445.92999267578125
2024-05-15,452.8999938964844
2024-05-16,451.9800109863281
2024-05-17,451.760009765625
2024-05-20,454.9100036621094
2024-05-21,455.79998779296875
2024-05-22,455.7099914550781
2024-05-23,453.6600036621094
2024-05-24,457.95001220703125
2024-05-28,459.67999267578125
2024-05-29,456.44000244140625
2024-05-30,451.54998779296875
2024-05-31,450.7099914550781
2024-06-03,453.1300048828125
2024-06-04,454.3699951171875
2024-06-05,463.5299987792969
2024-06-06,463.3699951171875
2024-06-07,462.9599914550781
2024-06-10,464.8299865722656
2024-06-11,468.0199890136719
2024-06-12,474.1499938964844
2024-06-13,476.7200012207031
2024-06-14,479.19000244140625
2024-06-17,485.05999755859375
2024-06-18,485.2099914550781
2024-06-20,481.4700012207031
2024-06-21,480.17999267578125
2024-06-24,473.9599914550781
2024-06-25,479.3800048828125
2024-06-26,480.3699951171875
2024-06-27,481.6099853515625
2024-06-28,479.1099853515625
2024-07-01,481.9200134277344
2024-07-02,486.9800109863281
2024-07-03,491.0400085449219
2024-07-05,496.1600036621094
2024-07-08,497.3399963378906
2024-07-09,497.7699890136719
2024-07-10,502.9599914550781
2024-07-11,491.92999267578125
2024-07-12,494.82000732421875
2024-07-15,496.1499938964844
2024-07-16,496.3399963378906
2024-07-17,481.7699890136719
2024-07-18,479.489990234375
2024-07-19,475.239990234375
2024-07-22,482.32000732421875
2024-07-23,480.6199951171875
2024-07-24,463.3800048828125
2024-07-25,458.2699890136719
2024-07-26,462.9700012207031
2024-07-29,463.8999938964844
2024-07-30,457.5299987792969
2024-07-31,471.07000732421875
2024-08-01,459.6600036621094
2024-08-02,448.75
2024-08-05,435.3699951171875
2024-08-06,439.5299987792969
2024-08-07,434.7699890136719
2024-08-08,448.07000732421875
2024-08-09,450.4100036621094
2024-08-12,451.3800048828125
2024-08-13,462.5799865722656
2024-08-14,462.7300109863281
2024-08-15,474.4200134277344
2024-08-16,475.0299987792969
2024-08-19,481.2699890136719
2024-08-20,480.260009765625
2024-08-21,482.5
2024-08-22,474.8500061035156
2024-08-23,480.0
2024-08-26,475.3399963378906
2024-08-27,476.760009765625
2024-08-28,471.3500061035156
2024-08-29,470.6600036621094
2024-08-30,476.2699890136719
2024-09-03,461.80999755859375
2024-09-04,460.6099853515625
2024-09-05,461.0400085449219
2024-09-06,448.69000244140625
2024-09-09,454.4599914550781
2024-09-10,458.6600036621094
2024-09-11,468.6199951171875
2024-09-12,473.2200012207031
2024-09-13,475.3399963378906
2024-09-16,473.239990234375
2024-09-17,473.489990234375
2024-09-18,471.44000244140625
2024-09-19,483.3599853515625
2024-09-20,482.44000244140625
2024-09-23,483.0400085449219
2024-09-24,485.3699951171875
2024-09-25,485.82000732421875
2024-09-26,489.4700012207031
2024-09-27,486.75
2024-09-30,488.07000732421875
2024-10-01,481.2699890136719
2024-10-02,481.95001220703125
2024-10-03,481.5899963378906
2024-10-04,487.32000732421875
2024-10-07,482.1000061035156
2024-10-08,489.29998779296875
2024-10-09,493.1499938964844
2024-10-10,492.5899963378906
2024-10-11,493.3599853515625
2024-10-14,497.5
2024-10-15,490.8500061035156
2024-10-16,490.9100036621094
2024-10-17,491.25
2024-10-18,494.4700012207031
2024-10-21,495.4200134277344
2024-10-22,495.9599914550781
2024-10-23,488.3599853515625
2024-10-24,492.32000732421875
2024-10-25,495.32000732421875
2024-10-28,495.3999938964844
2024-10-29,500.1600036621094
2024-10-30,496.3800048828125
2024-10-31,483.8500061035156
2024-11-01,487.42999267578125
2024-11-04,486.010009765625
2024-11-05,492.2099914550781
2024-11-06,505.5799865722656
2024-11-07,513.5399780273438
2024-11-08,514.1400146484375
2024-11-11,513.8400268554688
2024-11-12,512.9099731445312
2024-11-13,512.25
2024-11-14,508.69000244140625
2024-11-15,496.57000732421875
2024-11-18,500.0199890136719
2024-11-19,503.4599914550781
2024-11-20,503.1700134277344
2024-11-21,504.9800109863281
2024-11-22,505.7900085449219
2024-11-25,506.5899963378906
2024-11-26,509.30999755859375
2024-11-27,505.29998779296875
2024-11-29,509.739990234375
2024-12-02,515.2899780273438
2024-12-03,516.8699951171875
2024-12-04,523.260009765625
2024-12-05,521.8099975585938
2024-12-06,526.47998046875
2024-12-09,522.3800048828125
2024-12-10,520.5999755859375
2024-12-11,529.9199829101562
2024-12-12,526.5
2024-12-13,530.530029296875
2024-12-16,538.1699829101562
2024-12-17,535.7999877929688
2024-12-18,516.469970703125
2024-12-19,514.1699829101562
2024-12-20,518.6599731445312
2024-12-23,522.8699951171875
2024-12-24,529.9600219726562
2024-12-26,529.5999755859375
2024-12-27,522.5599975585938
2024-12-30,515.6099853515625
2024-12-31,511.2300109863281
2025-01-02,510.2300109863281
2025-01-03,518.5800170898438
2025-01-06,524.5399780273438
2025-01-07,515.1799926757812
2025-01-08,515.27001953125
2025-01-10,507.19000244140625
2025-01-13,505.55999755859375
2025-01-14,505.0799865722656
2025-01-15,516.7000122070312
2025-01-16,513.0800170898438
2025-01-17,521.739990234375
2025-01-21,524.7999877929688
2025-01-22,531.510009765625
2025-01-23,532.6400146484375
2025-01-24,529.6300048828125
2025-01-27,514.2100219726562
2025-01-28,521.8099975585938
2025-01-29,520.8300170898438
2025-01-30,523.0499877929688
2025-01-31,522.2899780273438
2025-02-03,518.1099853515625
2025-02-04,524.469970703125
2025-02-05,526.8499755859375
2025-02-06,529.5999755859375
2025-02-07,522.9199829101562
2025-02-10,529.25
2025-02-11,527.989990234375
2025-02-12,528.2999877929688
2025-02-13,535.9000244140625
2025-02-14,538.1500244140625
2025-02-18,539.3699951171875
2025-02-19,539.52001953125
2025-02-20,537.22998046875
2025-02-21,526.0800170898438
2025-02-24,519.8699951171875
2025-02-25,513.3200073242188
2025-02-26,514.5599975585938
2025-02-27,500.2699890136719
2025-02-28,508.1700134277344
2025-03-03,497.04998779296875
2025-03-04,495.54998779296875
2025-03-05,502.010009765625
2025-03-06,488.20001220703125
2025-03-07,491.7900085449219
2025-03-10,472.7300109863281
2025-03-11,471.6000061035156
2025-03-12,476.9200134277344
2025-03-13,468.3399963378906
2025-03-14,479.6600036621094
2025-03-17,482.7699890136719
2025-03-18,474.5400085449219
2025-03-19,480.8900146484375
2025-03-20,479.260009765625
2025-03-21,480.8399963378906
2025-03-24,490.6600036621094
2025-03-25,493.4599914550781
2025-03-26,484.3800048828125
2025-03-27,481.6199951171875
2025-03-28,468.94000244140625
2025-03-31,468.9200134277344
2025-04-01,472.70001220703125
2025-04-02,476.1499938964844
2025-04-03,450.6600036621094
2025-04-04,422.6700134277344
2025-04-07,423.69000244140625
2025-04-08,416.05999755859375
2025-04-09,466.0
2025-04-10,446.17999267578125
2025-04-11,454.3999938964844
2025-04-14,457.4800109863281
2025-04-15,457.989990234375
2025-04-16,444.17999267578125
2025-04-17,444.1000061035156
2025-04-21,433.1099853515625
2025-04-22,444.4800109863281
2025-04-23,454.55999755859375
2025-04-24,467.3500061035156
2025-04-25,472.55999755859375
2025-04-28,472.4100036621094
2025-04-29,475.5299987792969
2025-04-30,475.4700012207031
2025-05-01,481.67999267578125
2025-05-02,488.8299865722656
2025-05-05,485.92999267578125
2025-05-06,481.4100036621094
2025-05-07,483.29998779296875
2025-05-08,488.2900085449219
2025-05-09,487.9700012207031
2025-05-12,507.8500061035156
2025-05-13,515.5900268554688
2025-05-14,518.6799926757812
2025-05-15,519.25
2025-05-16,521.510009765625
2025-05-19,522.010009765625
2025-05-20,520.27001953125
2025-05-21,513.0399780273438
2025-05-22,514.0
2025-05-23,509.239990234375
2025-05-27,521.219970703125
2025-05-28,518.9099731445312
2025-05-29,519.9299926757812
2025-05-30,519.1099853515625
2025-06-02,523.2100219726562
2025-06-03,527.2999877929688
2025-06-04,528.77001953125
2025-06-05,524.7899780273438
2025-06-06,529.9199829101562
2025-06-09,530.7000122070312
2025-06-10,534.2100219726562
2025-06-11,532.4099731445312
2025-06-12,533.6599731445312
2025-06-13,526.9600219726562
2025-06-16,534.2899780273438
2025-06-17,529.0800170898438
2025-06-18,528.989990234375
2025-06-20,526.8300170898438
2025-06-23,531.6500244140625
2025-06-24,539.780029296875
2025-06-25,541.1599731445312
2025-06-26,546.219970703125
2025-06-27,548.0900268554688
2025-06-30,551.6400146484375
2025-07-01,546.989990234375
2025-07-02,550.7999877929688
2025-07-03,556.219970703125
2025-07-07,552.030029296875
2025-07-08,552.3400268554688
2025-07-09,556.25
2025-07-10,555.4500122070312
2025-07-11,554.2000122070312
2025-07-14,556.2100219726562
2025-07-15,556.719970703125
2025-07-16,557.2899780273438
2025-07-17,561.7999877929688
2025-07-18,561.260009765625
2025-07-21,564.1699829101562
2025-07-22,561.25
2025-07-23,563.8099975585938
2025-07-24,565.010009765625
2025-07-25,566.3699951171875
2025-07-28,568.1400146484375
2025-07-29,567.260009765625
2025-07-30,568.02001953125
2025-07-31,565.010009765625
2025-08-01,553.8800048828125
2025-08-04,564.0999755859375
2025-08-05,560.27001953125
2025-08-06,567.3200073242188
2025-08-07,569.239990234375
2025-08-08,574.5499877929688
2025-08-11,572.8499755859375
2025-08-12,580.0499877929688
2025-08-13,580.3400268554688
2025-08-14,579.8900146484375
2025-08-15,577.3400268554688
2025-08-18,577.1099853515625
2025-08-19,569.280029296875
2025-08-20,565.9000244140625
2025-08-21,563.280029296875
2025-08-22,571.969970703125
2025-08-25,570.3200073242188
2025-08-26,572.6099853515625
2025-08-27,573.489990234375
2025-08-28,577.0800170898438
2025-08-29,570.4000244140625
2025-09-02,565.6199951171875
2025-09-03,570.0700073242188
2025-09-04,575.22998046875
2025-09-05,576.0599975585938
2025-09-08,578.8699951171875
2025-09-09,580.510009765625
2025-09-10,580.7000122070312
2025-09-11,584.0800170898438
2025-09-12,586.6599731445312
2025-09-15,591.6799926757812
2025-09-16,591.1799926757812
2025-09-17,590.0
2025-09-18,595.3200073242188
2025-09-19,599.3499755859375
2025-09-22,602.2000122070312
2025-09-23,598.2000122070312
2025-09-24,596.0999755859375
2025-09-25,593.530029296875
2025-09-26,595.969970703125
2025-09-29,598.72998046875
2025-09-30,600.3699951171875
2025-10-01,603.25
2025-10-02,605.72998046875
2025-10-03,603.1799926757812
2025-10-06,607.7100219726562
2025-10-07,604.510009765625
2025-10-08,611.4400024414062
2025-10-09,610.7000122070312
2025-10-10,589.5
2025-10-13,602.010009765625
2025-10-14,598.0
2025-10-15,602.219970703125
2025-10-16,599.989990234375
2025-10-17,603.9299926757812
2025-10-20,611.5399780273438
2025-10-21,611.3800048828125
2025-10-22,605.489990234375
2025-10-23,610.5800170898438
2025-10-24,617.0999755859375
2025-10-27,628.0900268554688
2025-10-28,632.9199829101562
2025-10-29,635.77001953125
2025-10-30,626.0499877929688
2025-10-31,629.0700073242188
2025-11-03,632.0800170898438
2025-11-04,619.25
2025-11-05,623.280029296875
2025-11-06,611.6699829101562
2025-11-07,609.739990234375
2025-11-10,623.22998046875
2025-11-11,621.5700073242188
2025-11-12,621.0800170898438
2025-11-13,608.4000244140625
2025-11-14,608.8599853515625
2025-11-17,603.6599731445312
2025-11-18,596.3099975585938
2025-11-19,599.8699951171875
2025-11-20,585.6699829101562
2025-11-21,590.0700073242188
2025-11-24,605.1599731445312
2025-11-25,608.8900146484375
2025-11-26,614.27001953125
2025-11-28,619.25
2025-12-01,617.1699829101562
2025-12-02,622.0
2025-12-03,623.52001953125
2025-12-04,622.9400024414062
2025-12-05,625.47998046875
2025-12-08,624.280029296875
2025-12-09,625.0499877929688
2025-12-10,627.6099853515625
2025-12-11,625.5800170898438
2025-12-12,613.6199951171875
2025-12-15,610.5399780273438
2025-12-16,611.75
2025-12-17,600.4099731445312
2025-12-18,609.1099853515625
2025-12-19,617.0499877929688
2025-12-22,619.2100219726562
2025-12-23,622.1099853515625
2025-12-24,623.9299926757812
2025-12-26,623.8900146484375
2025-12-29,620.8699951171875
2025-12-30,619.4299926757812
2025-12-31,614.3099975585938
2026-01-02,613.1199951171875
2026-01-05,617.989990234375
2026-01-06,623.4199829101562
2026-01-07,624.02001953125
2026-01-08,620.469970703125
2026-01-09,626.6500244140625
2026-01-12,627.1699829101562
2026-01-13,626.239990234375
2026-01-14,619.5499877929688
2026-01-15,621.780029296875
2026-01-16,621.260009765625
2026-01-20,608.0599975585938
2026-01-21,616.280029296875
2026-01-22,620.760009765625
2026-01-23,622.719970703125
2026-01-26,625.4600219726562
2026-01-27,631.1300048828125
2026-01-28,633.219970703125
2026-01-29,629.4299926757812
2026-01-30,621.8699951171875
2026-02-02,626.1400146484375
2026-02-03,616.52001953125
2026-02-04,605.75
2026-02-05,597.030029296875
2026-02-06,609.6500244140625
2026-02-09,614.3200073242188
2026-02-10,611.469970703125
2026-02-11,613.1099853515625
2026-02-12,600.6400146484375
2026-02-13,601.9199829101562
2026-02-17,601.2999877929688
2026-02-18,605.7899780273438
2026-02-19,603.469970703125
2026-02-20,608.8099975585938
2026-02-23,601.4099731445312
2026-02-24,607.8699951171875
2026-02-25,616.6799926757812
2026-02-26,609.239990234375
2026-02-27,607.2899780273438
2026-03-02,608.0900268554688
2026-03-03,601.5800170898438
2026-03-04,610.75
2026-03-05,608.9099731445312
2026-03-06,599.75
2026-03-09,607.760009765625
2026-03-10,607.77001953125
2026-03-11,607.6900024414062
2026-03-12,597.260009765625
2026-03-13,593.719970703125
2026-03-16,600.3800048828125
2026-03-17,603.3099975585938
2026-03-18,594.9000244140625
2026-03-19,593.02001953125
2026-03-20,582.0599975585938
2026-03-23,588.0
2026-03-24,583.97998046875
2026-03-25,587.8200073242188
2026-03-26,573.7899780273438
2026-03-27,562.5800170898438
2026-03-30,558.280029296875
2026-03-31,577.1799926757812
2026-04-01,584.3099975585938
2026-04-02,584.97998046875
2026-04-06,588.5
2026-04-07,588.5900268554688
2026-04-08,606.0900268554688
2026-04-09,610.1900024414062
2026-04-10,611.0700073242188
2026-04-13,617.3900146484375
2026-04-14,628.5999755859375
2026-04-15,637.4000244140625
2026-04-16,640.469970703125
2026-04-17,648.8499755859375
2026-04-20,646.7899780273438
2026-04-21,644.3300170898438
2026-04-22,655.1099853515625
2026-04-23,651.4199829101562
2026-04-24,663.8800048828125
2026-04-27,664.22998046875
2026-04-28,657.5499877929688
2026-04-29,661.5700073242188
2026-04-30,667.739990234375
2026-05-01,674.1500244140625
2026-05-04,672.8800048828125
2026-05-05,681.6099853515625
2026-05-06,695.77001953125
2026-05-07,694.9400024414062
2026-05-08,711.22998046875
2026-05-11,713.2899780273438
2026-05-12,707.239990234375
2026-05-13,714.7100219726562
2026-05-14,719.7899780273438
2026-05-15,708.9299926757812
2026-05-18,705.8800048828125
2026-05-19,701.530029296875
2026-05-20,713.1500244140625
2026-05-21,714.510009765625
2026-05-22,717.5399780273438
2026-05-26,730.280029296875
2026-05-27,729.4500122070312
2026-05-28,735.5999755859375
2026-05-29,738.3099975585938
2026-06-01,742.739990234375
2026-06-02,746.1599731445312
2026-06-03,744.2100219726562
2026-06-04,740.6099853515625
2026-06-05,705.0599975585938
