ticker,ex_date,ratio,as_of
AAPL,1987-06-16,2.0,2026-07-20
AAPL,2000-06-21,2.0,2026-07-20
AAPL,2005-02-28,2.0,2026-07-20
AAPL,2014-06-09,7.0,2026-07-20
AAPL,2020-08-31,4.0,2026-07-20
ABT,1981-06-01,2.0,2026-07-20
ABT,1986-06-02,2.0,2026-07-20
ABT,1990-06-01,2.0,2026-07-20
ABT,1992-06-01,2.0,2026-07-20
ABT,1998-06-01,2.0,2026-07-20
ACGL,2011-05-12,3.0,2026-07-20
ACGL,2018-06-21,3.0,2026-07-20
ADBE,1987-03-12,2.0,2026-07-20
ADBE,1988-11-23,2.0,2026-07-20
ADBE,1993-08-11,2.0,2026-07-20
ADBE,1999-10-27,2.0,2026-07-20
ADBE,2000-10-25,2.0,2026-07-20
ADBE,2005-05-24,2.0,2026-07-20
ADI,1980-04-16,1.25,2026-07-20
ADI,1981-04-07,1.25,2026-07-20
ADI,1982-04-13,1.25,2026-07-20
ADI,1983-04-05,1.5,2026-07-20
ADI,1984-04-17,1.3333333333333333,2026-07-20
ADI,1986-04-15,1.3333333333333333,2026-07-20
ADI,1995-01-05,1.5,2026-07-20
ADI,1996-01-04,1.5,2026-07-20
ADI,1997-01-07,1.3333333333333333,2026-07-20
ADI,2000-03-16,2.0,2026-07-20
ADM,1980-10-27,1.05,2026-07-20
ADM,1981-03-23,1.5,2026-07-20
ADM,1981-08-17,1.05,2026-07-20
ADM,1982-08-17,1.05,2026-07-20
ADM,1983-08-16,1.05,2026-07-20
ADM,1984-08-14,1.05,2026-07-20
ADM,1985-08-13,1.05,2026-07-20
ADM,1986-06-03,1.5,2026-07-20
ADM,1986-08-12,1.05,2026-07-20
ADM,1987-08-11,1.05,2026-07-20
ADM,1988-08-16,1.05,2026-07-20
ADM,1989-08-22,1.05,2026-07-20
ADM,1989-12-05,1.5,2026-07-20
ADM,1990-08-14,1.05,2026-07-20
ADM,1991-08-13,1.05,2026-07-20
ADM,1992-08-11,1.05,2026-07-20
ADM,1993-08-17,1.05,2026-07-20
ADM,1994-08-16,1.05,2026-07-20
ADM,1994-12-06,1.5,2026-07-20
ADM,1995-08-17,1.05,2026-07-20
ADM,1996-08-15,1.05,2026-07-20
ADM,1997-08-14,1.05,2026-07-20
ADM,1998-08-20,1.05,2026-07-20
ADM,1999-08-19,1.05,2026-07-20
ADM,2000-08-24,1.05,2026-07-20
ADM,2001-08-30,1.05,2026-07-20
ADP,1981-05-22,2.0,2026-07-20
ADP,1986-06-09,2.0,2026-07-20
ADP,1991-05-01,2.0,2026-07-20
ADP,1996-01-02,2.0,2026-07-20
ADP,1999-01-04,2.0,2026-07-20
ADSK,1987-03-30,3.0,2026-07-20
ADSK,1994-10-31,2.0,2026-07-20
ADSK,2002-04-19,2.0,2026-07-20
ADSK,2004-12-21,2.0,2026-07-20
AEP,1962-10-31,2.0,2026-07-20
AES,1994-02-01,1.5,2026-07-20
AES,1994-03-04,1.03,2026-07-20
AES,1997-08-29,2.0,2026-07-20
AES,2000-06-02,2.0,2026-07-20
AFL,1983-12-14,1.2,2026-07-20
AFL,1984-10-22,1.1,2026-07-20
AFL,1985-06-04,1.5,2026-07-20
AFL,1986-03-03,1.3333333333333333,2026-07-20
AFL,1987-02-03,2.0,2026-07-20
AFL,1993-06-15,1.25,2026-07-20
AFL,1996-03-18,1.5,2026-07-20
AFL,1998-06-09,2.0,2026-07-20
AFL,2001-03-19,2.0,2026-07-20
AFL,2018-03-19,2.0,2026-07-20
AIG,1974-04-01,1.25,2026-07-20
AIG,1977-03-29,1.25,2026-07-20
AIG,1981-05-28,1.5,2026-07-20
AIG,1983-04-26,1.25,2026-07-20
AIG,1986-11-18,2.0,2026-07-20
AIG,1990-07-23,1.25,2026-07-20
AIG,1993-07-30,1.5,2026-07-20
AIG,1995-07-31,1.5,2026-07-20
AIG,1997-07-28,1.5,2026-07-20
AIG,1998-08-03,1.5,2026-07-20
AIG,1999-08-02,1.25,2026-07-20
AIG,2000-07-31,1.5,2026-07-20
AIG,2009-07-01,0.05,2026-07-20
AJG,1986-07-16,2.0,2026-07-20
AJG,2000-03-16,2.0,2026-07-20
AJG,2001-01-19,2.0,2026-07-20
ALB,2007-03-02,2.0,2026-07-20
ALL,1998-07-02,2.0,2026-07-20
AMAT,1980-04-02,1.5,2026-07-20
AMAT,1981-02-06,1.5,2026-07-20
AMAT,1986-05-16,2.0,2026-07-20
AMAT,1992-04-07,2.0,2026-07-20
AMAT,1993-10-06,2.0,2026-07-20
AMAT,1995-10-13,2.0,2026-07-20
AMAT,1997-10-14,2.0,2026-07-20
AMAT,2000-03-16,2.0,2026-07-20
AMAT,2002-04-17,2.0,2026-07-20
AMCR,2026-01-15,0.2,2026-07-20
AMD,1980-10-24,2.0,2026-07-20
AMD,1982-10-28,1.5,2026-07-20
AMD,1983-08-23,2.0,2026-07-20
AMD,2000-08-22,2.0,2026-07-20
AME,1987-11-20,2.0,2026-07-20
AME,2004-03-01,2.0,2026-07-20
AME,2006-11-28,1.5,2026-07-20
AME,2010-12-22,1.5,2026-07-20
AME,2012-07-02,1.5,2026-07-20
AMGN,1990-08-13,2.0,2026-07-20
AMGN,1991-09-11,3.0,2026-07-20
AMGN,1995-08-16,2.0,2026-07-20
AMGN,1999-03-01,2.0,2026-07-20
AMGN,1999-11-22,2.0,2026-07-20
AMZN,1998-06-02,2.0,2026-07-20
AMZN,1999-01-05,3.0,2026-07-20
AMZN,1999-09-02,2.0,2026-07-20
AMZN,2022-06-06,20.0,2026-07-20
ANET,2021-11-18,4.0,2026-07-20
ANET,2024-12-04,4.0,2026-07-20
AON,1987-05-27,2.0,2026-07-20
AON,1994-05-17,1.5,2026-07-20
AON,1997-05-15,1.5,2026-07-20
AON,1999-05-18,1.5,2026-07-20
AOS,1993-08-17,2.0,2026-07-20
AOS,1998-08-18,1.5,2026-07-20
AOS,2010-11-16,1.5,2026-07-20
AOS,2013-05-16,2.0,2026-07-20
AOS,2016-10-06,2.0,2026-07-20
APA,1979-05-15,1.3333333333333333,2026-07-20
APA,1980-05-15,1.5,2026-07-20
APA,1981-02-20,1.5,2026-07-20
APA,2001-12-27,1.1,2026-07-20
APA,2003-03-10,1.05,2026-07-20
APA,2004-01-15,2.0,2026-07-20
APD,1986-06-06,2.0,2026-07-20
APD,1992-03-10,2.0,2026-07-20
APD,1998-06-16,2.0,2026-07-20
APH,2000-04-26,2.0,2026-07-20
APH,2004-03-30,2.0,2026-07-20
APH,2007-04-02,2.0,2026-07-20
APH,2014-10-10,2.0,2026-07-20
APH,2021-03-05,2.0,2026-07-20
APH,2024-06-12,2.0,2026-07-20
ATO,1985-06-13,2.0,2026-07-20
ATO,1994-05-17,1.5,2026-07-20
AVGO,2024-07-15,10.0,2026-07-20
AVY,1983-12-29,2.0,2026-07-20
AVY,1987-03-17,2.0,2026-07-20
AVY,1996-12-23,2.0,2026-07-20
AXON,2004-02-11,3.0,2026-07-20
AXON,2004-04-30,2.0,2026-07-20
AXON,2004-11-30,2.0,2026-07-20
AXP,1983-02-11,1.3333333333333333,2026-07-20
AXP,1983-08-11,1.5,2026-07-20
AXP,1987-05-11,2.0,2026-07-20
AXP,2000-05-11,3.0,2026-07-20
AZO,1992-02-03,2.0,2026-07-20
AZO,1994-04-21,2.0,2026-07-20
BA,1966-05-18,2.0,2026-07-20
BA,1977-09-13,2.0,2026-07-20
BA,1979-04-16,1.5,2026-07-20
BA,1980-04-15,1.5,2026-07-20
BA,1985-06-10,1.5,2026-07-20
BA,1989-06-12,1.5,2026-07-20
BA,1990-06-11,1.5,2026-07-20
BA,1997-06-09,2.0,2026-07-20
BAC,1986-11-21,2.0,2026-07-20
BAC,1997-02-28,2.0,2026-07-20
BAC,2004-08-30,2.0,2026-07-20
BALL,1982-10-04,2.0,2026-07-20
BALL,1985-10-02,2.0,2026-07-20
BALL,2002-02-25,2.0,2026-07-20
BALL,2004-08-24,2.0,2026-07-20
BALL,2011-02-16,2.0,2026-07-20
BALL,2017-05-17,2.0,2026-07-20
BAX,1981-11-09,2.0,2026-07-20
BAX,1983-11-18,2.0,2026-07-20
BAX,2001-05-31,2.0,2026-07-20
BBY,1986-04-01,2.0,2026-07-20
BBY,1987-02-23,1.5,2026-07-20
BBY,1993-09-02,1.5,2026-07-20
BBY,1994-04-29,2.0,2026-07-20
BBY,1998-05-27,2.0,2026-07-20
BBY,1999-03-19,2.0,2026-07-20
BBY,2002-05-13,1.5,2026-07-20
BBY,2005-08-04,1.5,2026-07-20
BDX,1986-03-03,2.0,2026-07-20
BDX,1993-03-01,2.0,2026-07-20
BDX,1996-08-16,2.0,2026-07-20
BDX,1998-08-21,2.0,2026-07-20
BEN,1984-04-13,1.25,2026-07-20
BEN,1985-04-02,2.0,2026-07-20
BEN,1986-01-23,2.0,2026-07-20
BEN,1986-10-27,1.5,2026-07-20
BEN,1987-07-15,1.25,2026-07-20
BEN,1990-01-16,1.5,2026-07-20
BEN,1992-04-15,2.0,2026-07-20
BEN,1997-01-15,1.5,2026-07-20
BEN,1998-01-16,2.0,2026-07-20
BEN,2013-07-26,3.0,2026-07-20
BF.B,1981-07-17,2.0,2026-07-20
BF.B,1987-04-02,1.5,2026-07-20
BF.B,1994-05-31,3.0,2026-07-20
BF.B,2004-01-21,2.0,2026-07-20
BF.B,2008-10-28,1.25,2026-07-20
BF.B,2012-08-13,1.5,2026-07-20
BF.B,2016-08-19,2.0,2026-07-20
BF.B,2018-03-01,1.25,2026-07-20
BIIB,1999-12-21,2.0,2026-07-20
BIIB,2001-01-18,3.0,2026-07-20
BKNG,2003-06-16,0.16666666666666666,2026-07-20
BKNG,2026-04-06,25.0,2026-07-20
BMY,1977-05-31,2.0,2026-07-20
BMY,1983-05-27,2.0,2026-07-20
BMY,1987-06-10,2.0,2026-07-20
BMY,1997-03-03,2.0,2026-07-20
BMY,1999-03-01,2.0,2026-07-20
BNY,1983-10-11,2.0,2026-07-20
BNY,1986-11-07,1.5,2026-07-20
BNY,1994-05-16,2.0,2026-07-20
BNY,1996-08-09,2.0,2026-07-20
BNY,1998-08-14,2.0,2026-07-20
BRK.B,2010-01-21,50.0,2026-07-20
BRO,1983-03-24,1.5,2026-07-20
BRO,1986-05-12,1.5,2026-07-20
BRO,1991-05-30,1.25,2026-07-20
BRO,1998-03-02,1.5,2026-07-20
BRO,2000-08-24,2.0,2026-07-20
BRO,2001-11-23,2.0,2026-07-20
BRO,2005-11-29,2.0,2026-07-20
BRO,2018-03-29,2.0,2026-07-20
BSX,1998-12-01,2.0,2026-07-20
BSX,2003-11-06,2.0,2026-07-20
C,1987-03-13,2.0,2026-07-20
C,1993-03-01,1.5,2026-07-20
C,1993-08-30,1.3333333333333333,2026-07-20
C,1996-05-28,1.5,2026-07-20
C,1996-11-25,1.3333333333333333,2026-07-20
C,1997-11-20,1.5,2026-07-20
C,1999-06-01,1.5,2026-07-20
C,2000-08-28,1.3333333333333333,2026-07-20
C,2011-05-09,0.1,2026-07-20
CAH,1987-09-09,1.1,2026-07-20
CAH,1988-09-09,1.1,2026-07-20
CAH,1989-10-02,1.25,2026-07-20
CAH,1990-10-01,1.25,2026-07-20
CAH,1991-10-01,1.25,2026-07-20
CAH,1994-07-01,1.25,2026-07-20
CAH,1996-12-17,1.5,2026-07-20
CAH,1998-11-02,1.5,2026-07-20
CAH,2001-04-23,1.5,2026-07-20
CASY,1985-06-25,1.5,2026-07-20
CASY,1986-08-05,2.0,2026-07-20
CASY,1994-02-16,2.0,2026-07-20
CASY,1998-02-17,2.0,2026-07-20
CAT,1964-07-06,2.0,2026-07-20
CAT,1976-07-26,1.5,2026-07-20
CAT,1994-09-06,2.0,2026-07-20
CAT,1997-07-14,2.0,2026-07-20
CAT,2005-07-14,2.0,2026-07-20
CB,1998-03-03,3.0,2026-07-20
CBRE,2006-06-02,3.0,2026-07-20
CCL,1994-12-15,2.0,2026-07-20
CCL,1998-06-15,2.0,2026-07-20
CDNS,1995-10-31,1.5,2026-07-20
CDNS,1996-06-03,1.5,2026-07-20
CDNS,1997-11-17,2.0,2026-07-20
CF,2015-06-18,5.0,2026-07-20
CHD,1981-06-22,3.0,2026-07-20
CHD,1983-06-09,1.5,2026-07-20
CHD,1984-09-04,1.5,2026-07-20
CHD,1986-03-06,2.0,2026-07-20
CHD,1999-09-02,2.0,2026-07-20
CHD,2004-09-02,1.5,2026-07-20
CHD,2011-06-02,2.0,2026-07-20
CHD,2016-09-02,2.0,2026-07-20
CHRW,2000-12-04,2.0,2026-07-20
CHRW,2005-10-17,2.0,2026-07-20
CI,1998-05-18,3.0,2026-07-20
CI,2007-06-05,3.0,2026-07-20
CIEN,2000-09-19,2.0,2026-07-20
CIEN,2006-09-25,0.14285714285714285,2026-07-20
CINF,1985-05-01,2.0,2026-07-20
CINF,1992-05-18,3.0,2026-07-20
CINF,1995-03-13,1.05,2026-07-20
CINF,1996-03-13,1.05,2026-07-20
CINF,1998-05-18,3.0,2026-07-20
CINF,2004-04-28,1.05,2026-07-20
CINF,2005-04-04,1.05,2026-07-20
CL,1973-05-30,3.0,2026-07-20
CL,1991-05-16,2.0,2026-07-20
CL,1997-05-16,2.0,2026-07-20
CL,1999-07-01,2.0,2026-07-20
CL,2013-05-16,2.0,2026-07-20
CLX,1987-06-02,2.0,2026-07-20
CLX,1997-09-03,2.0,2026-07-20
CLX,1999-08-24,2.0,2026-07-20
CMCSA,1980-05-16,1.5,2026-07-20
CMCSA,1981-04-13,1.5,2026-07-20
CMCSA,1983-01-06,1.5,2026-07-20
CMCSA,1984-09-19,1.5,2026-07-20
CMCSA,1985-06-28,1.5,2026-07-20
CMCSA,1986-12-19,1.5,2026-07-20
CMCSA,1988-04-11,1.5,2026-07-20
CMCSA,1989-10-25,1.5,2026-07-20
CMCSA,1994-02-03,1.5,2026-07-20
CMCSA,1999-05-06,2.0,2026-07-20
CMCSA,2007-02-22,1.5,2026-07-20
CMCSA,2017-02-21,2.0,2026-07-20
CME,2012-07-23,5.0,2026-07-20
CMG,2024-06-26,50.0,2026-07-20
CMI,1993-11-12,2.0,2026-07-20
CMI,2007-04-10,2.0,2026-07-20
CMI,2008-01-03,2.0,2026-07-20
CNC,2003-07-14,1.5,2026-07-20
CNC,2004-12-20,2.0,2026-07-20
CNC,2015-02-20,2.0,2026-07-20
CNC,2019-02-07,2.0,2026-07-20
CNP,1963-05-20,3.0,2026-07-20
CNP,1981-06-15,1.5,2026-07-20
CNP,1995-12-11,2.0,2026-07-20
COF,1999-06-02,3.0,2026-07-20
COHR,1995-09-08,2.0,2026-07-20
COHR,2000-09-21,2.0,2026-07-20
COHR,2005-03-23,2.0,2026-07-20
COHR,2011-06-27,2.0,2026-07-20
COO,1995-09-22,0.3333333333333333,2026-07-20
COO,2002-11-25,2.0,2026-07-20
COO,2024-02-20,4.0,2026-07-20
COP,1985-07-05,3.0,2026-07-20
COP,2005-06-02,2.0,2026-07-20
COR,1999-03-25,2.0,2026-07-20
COR,2005-12-29,2.0,2026-07-20
COR,2009-06-16,2.0,2026-07-20
COST,1993-10-22,2.0,2026-07-20
COST,2000-01-14,2.0,2026-07-20
CPRT,1999-01-29,2.0,2026-07-20
CPRT,2000-01-25,2.0,2026-07-20
CPRT,2002-01-22,1.5,2026-07-20
CPRT,2012-03-29,2.0,2026-07-20
CPRT,2017-04-11,2.0,2026-07-20
CPRT,2022-11-04,2.0,2026-07-20
CPRT,2023-08-22,2.0,2026-07-20
CRH,1998-08-24,5.0,2026-07-20
CRM,2013-04-18,4.0,2026-07-20
CRWD,2026-07-02,4.0,2026-07-20
CSCO,1991-03-18,2.0,2026-07-20
CSCO,1992-03-23,2.0,2026-07-20
CSCO,1993-03-22,2.0,2026-07-20
CSCO,1994-03-21,2.0,2026-07-20
CSCO,1996-02-20,2.0,2026-07-20
CSCO,1997-12-17,1.5,2026-07-20
CSCO,1998-09-16,1.5,2026-07-20
CSCO,1999-06-22,2.0,2026-07-20
CSCO,2000-03-23,2.0,2026-07-20
CSGP,2021-06-28,10.0,2026-07-20
CSX,1983-10-26,3.0,2026-07-20
CSX,1995-12-22,2.0,2026-07-20
CSX,2006-08-16,2.0,2026-07-20
CSX,2011-06-16,3.0,2026-07-20
CSX,2021-06-29,3.0,2026-07-20
CTAS,1987-04-03,2.0,2026-07-20
CTAS,1991-04-03,1.5,2026-07-20
CTAS,1992-04-03,2.0,2026-07-20
CTAS,1997-11-19,2.0,2026-07-20
CTAS,2000-03-08,1.5,2026-07-20
CTAS,2024-09-12,4.0,2026-07-20
CTSH,2000-03-17,2.0,2026-07-20
CTSH,2003-04-02,3.0,2026-07-20
CTSH,2004-06-18,2.0,2026-07-20
CTSH,2007-10-17,2.0,2026-07-20
CTSH,2014-03-10,2.0,2026-07-20
CVNA,2026-05-08,5.0,2026-07-20
CVS,1983-05-03,2.0,2026-07-20
CVS,1989-03-15,2.0,2026-07-20
CVS,1998-06-16,2.0,2026-07-20
CVS,2005-06-07,2.0,2026-07-20
CVX,1962-12-17,1.05,2026-07-20
CVX,1973-12-11,2.0,2026-07-20
CVX,1981-03-11,2.0,2026-07-20
CVX,1994-06-13,2.0,2026-07-20
CVX,2004-09-13,2.0,2026-07-20
D,1992-01-24,1.5,2026-07-20
D,2007-11-20,2.0,2026-07-20
DD,1973-05-10,2.0,2026-07-20
DD,1976-06-08,2.0,2026-07-20
DD,1989-11-21,1.5,2026-07-20
DD,2000-06-19,3.0,2026-07-20
DD,2026-06-24,0.3333333333333333,2026-07-20
DE,1972-09-22,2.0,2026-07-20
DE,1976-09-22,2.0,2026-07-20
DE,1995-11-29,3.0,2026-07-20
DE,2007-12-04,2.0,2026-07-20
DECK,2010-07-06,3.0,2026-07-20
DECK,2024-09-17,6.0,2026-07-20
DGX,2001-06-01,2.0,2026-07-20
DGX,2005-06-21,2.0,2026-07-20
DHI,1993-08-25,1.05,2026-07-20
DHI,1994-05-24,1.06,2026-07-20
DHI,1995-05-24,1.09,2026-07-20
DHI,1995-09-18,1.4,2026-07-20
DHI,1996-05-06,1.08,2026-07-20
DHI,2000-09-14,1.09,2026-07-20
DHI,2002-04-10,1.5,2026-07-20
DHI,2004-01-13,1.5,2026-07-20
DHI,2005-03-17,1.3333333333333333,2026-07-20
DHR,1987-09-09,2.0,2026-07-20
DHR,1995-01-23,2.0,2026-07-20
DHR,1998-06-01,2.0,2026-07-20
DHR,2004-05-21,2.0,2026-07-20
DHR,2010-06-14,2.0,2026-07-20
DIS,1962-12-18,1.03,2026-07-20
DIS,1967-11-16,2.0,2026-07-20
DIS,1971-03-01,2.0,2026-07-20
DIS,1973-01-16,2.0,2026-07-20
DIS,1986-03-06,4.0,2026-07-20
DIS,1992-05-18,4.0,2026-07-20
DIS,1998-07-10,3.0,2026-07-20
DLTR,1996-04-22,1.5,2026-07-20
DLTR,1997-07-22,1.5,2026-07-20
DLTR,1998-06-30,1.5,2026-07-20
DLTR,2000-06-20,1.5,2026-07-20
DLTR,2010-06-25,1.5,2026-07-20
DLTR,2012-06-27,2.0,2026-07-20
DOC,1992-05-21,2.0,2026-07-20
DOC,2004-03-02,2.0,2026-07-20
DOV,1981-09-28,2.0,2026-07-20
DOV,1988-09-26,2.0,2026-07-20
DOV,1995-09-18,2.0,2026-07-20
DOV,1997-12-16,2.0,2026-07-20
DRI,2002-05-02,1.5,2026-07-20
DTE,1963-01-15,2.0,2026-07-20
DUK,1990-10-01,2.0,2026-07-20
DUK,2001-01-29,2.0,2026-07-20
DUK,2012-07-03,0.3333333333333333,2026-07-20
DVA,1997-10-21,1.6666666666666667,2026-07-20
DVA,2004-06-16,1.5,2026-07-20
DVA,2013-09-09,2.0,2026-07-20
DVN,2004-11-16,2.0,2026-07-20
DXCM,2022-06-13,4.0,2026-07-20
EA,1992-03-27,2.0,2026-07-20
EA,1993-02-22,2.0,2026-07-20
EA,2000-09-11,2.0,2026-07-20
EA,2003-11-18,2.0,2026-07-20
EBAY,1999-03-02,3.0,2026-07-20
EBAY,2000-05-25,2.0,2026-07-20
EBAY,2003-08-29,2.0,2026-07-20
EBAY,2005-02-17,2.0,2026-07-20
ECL,1986-07-16,2.0,2026-07-20
ECL,1994-01-19,2.0,2026-07-20
ECL,1998-01-16,2.0,2026-07-20
ECL,2003-06-09,2.0,2026-07-20
ED,1965-03-02,2.0,2026-07-20
ED,1982-07-01,2.0,2026-07-20
ED,1989-07-03,2.0,2026-07-20
EFX,1982-09-16,2.0,2026-07-20
EFX,1985-03-21,1.5,2026-07-20
EFX,1986-03-27,2.0,2026-07-20
EFX,1989-12-19,2.0,2026-07-20
EFX,1995-12-18,2.0,2026-07-20
EIX,1984-08-13,2.0,2026-07-20
EIX,1993-06-22,2.0,2026-07-20
EL,1999-06-03,2.0,2026-07-20
EL,2012-01-23,2.0,2026-07-20
ELV,2005-06-01,2.0,2026-07-20
EME,2006-02-13,2.0,2026-07-20
EME,2007-07-10,2.0,2026-07-20
EMR,1973-08-21,2.0,2026-07-20
EMR,1987-09-11,3.0,2026-07-20
EMR,1997-03-11,2.0,2026-07-20
EMR,2006-12-12,2.0,2026-07-20
EOG,1994-06-16,2.0,2026-07-20
EOG,2005-03-02,2.0,2026-07-20
EOG,2014-04-01,2.0,2026-07-20
EQIX,2002-12-31,0.03125,2026-07-20
EQR,2001-10-12,2.0,2026-07-20
EQT,1981-04-07,1.5,2026-07-20
EQT,1984-02-01,1.5,2026-07-20
EQT,1987-04-01,1.5,2026-07-20
EQT,1993-01-26,1.5,2026-07-20
EQT,2001-06-12,2.0,2026-07-20
EQT,2005-09-02,2.0,2026-07-20
ERIE,1996-05-13,3.0,2026-07-20
ETN,1979-10-03,1.5,2026-07-20
ETN,1988-09-20,1.5,2026-07-20
ETN,1993-06-29,2.0,2026-07-20
ETN,2004-02-24,2.0,2026-07-20
ETN,2011-03-01,2.0,2026-07-20
ETR,2024-12-13,2.0,2026-07-20
EVRG,1987-05-22,2.0,2026-07-20
EW,2010-05-28,2.0,2026-07-20
EW,2015-12-14,2.0,2026-07-20
EW,2020-06-01,3.0,2026-07-20
EXC,2004-05-06,2.0,2026-07-20
EXPD,1986-09-26,1.5,2026-07-20
EXPD,1993-11-12,2.0,2026-07-20
EXPD,1996-12-12,2.0,2026-07-20
EXPD,1999-06-01,2.0,2026-07-20
EXPD,2002-06-25,2.0,2026-07-20
EXPD,2006-06-26,2.0,2026-07-20
F,1977-06-27,1.25,2026-07-20
F,1983-12-02,1.5,2026-07-20
F,1986-06-03,1.5,2026-07-20
F,1988-01-13,2.0,2026-07-20
F,1994-07-06,2.0,2026-07-20
FAST,1988-09-19,1.5,2026-07-20
FAST,1990-02-26,2.0,2026-07-20
FAST,1992-03-31,2.0,2026-07-20
FAST,1995-03-30,2.0,2026-07-20
FAST,2002-05-13,2.0,2026-07-20
FAST,2005-11-14,2.0,2026-07-20
FAST,2011-05-23,2.0,2026-07-20
FAST,2019-05-23,2.0,2026-07-20
FAST,2025-05-22,2.0,2026-07-20
FCX,2011-02-02,2.0,2026-07-20
FDS,1999-02-08,1.5,2026-07-20
FDS,2000-02-07,2.0,2026-07-20
FDS,2005-02-07,1.5,2026-07-20
FDX,1978-09-26,2.0,2026-07-20
FDX,1980-11-03,2.0,2026-07-20
FDX,1983-11-01,2.0,2026-07-20
FDX,1996-11-05,2.0,2026-07-20
FDX,1999-05-07,2.0,2026-07-20
FFIV,2007-08-21,2.0,2026-07-20
FICO,1995-06-27,2.0,2026-07-20
FICO,2001-06-05,1.5,2026-07-20
FICO,2002-06-06,1.5,2026-07-20
FICO,2004-03-11,1.5,2026-07-20
FISV,1991-07-02,1.5,2026-07-20
FISV,1992-06-01,1.5,2026-07-20
FISV,1993-05-03,1.5,2026-07-20
FISV,1998-06-01,1.5,2026-07-20
FISV,1999-05-03,1.5,2026-07-20
FISV,2001-09-04,1.5,2026-07-20
FISV,2013-12-17,2.0,2026-07-20
FISV,2018-03-20,2.0,2026-07-20
FITB,1983-03-28,2.0,2026-07-20
FITB,1985-04-01,1.5,2026-07-20
FITB,1986-04-28,1.5,2026-07-20
FITB,1987-10-16,1.5,2026-07-20
FITB,1990-01-16,1.5,2026-07-20
FITB,1992-04-16,1.5,2026-07-20
FITB,1996-01-16,1.5,2026-07-20
FITB,1997-07-16,1.5,2026-07-20
FITB,1998-04-16,1.5,2026-07-20
FITB,2000-07-17,1.5,2026-07-20
FLEX,1999-01-12,2.0,2026-07-20
FLEX,1999-12-23,2.0,2026-07-20
FLEX,2000-10-17,2.0,2026-07-20
FRT,1982-09-01,2.0,2026-07-20
FRT,1985-11-06,1.5,2026-07-20
FTNT,2011-06-02,2.0,2026-07-20
FTNT,2022-06-23,5.0,2026-07-20
GD,1979-02-20,2.5,2026-07-20
GD,1980-11-17,2.0,2026-07-20
GD,1994-04-11,2.0,2026-07-20
GD,1998-04-03,2.0,2026-07-20
GD,2006-03-27,2.0,2026-07-20
GE,1971-06-08,2.0,2026-07-20
GE,1983-06-02,2.0,2026-07-20
GE,1987-05-26,2.0,2026-07-20
GE,1994-05-16,2.0,2026-07-20
GE,1997-05-12,2.0,2026-07-20
GE,2000-05-08,3.0,2026-07-20
GE,2021-08-02,0.125,2026-07-20
GEN,1991-10-28,2.0,2026-07-20
GEN,2002-02-01,2.0,2026-07-20
GEN,2003-11-20,2.0,2026-07-20
GEN,2004-12-01,2.0,2026-07-20
GILD,2001-02-22,2.0,2026-07-20
GILD,2002-03-08,2.0,2026-07-20
GILD,2004-09-07,2.0,2026-07-20
GILD,2007-06-25,2.0,2026-07-20
GILD,2013-01-28,2.0,2026-07-20
GIS,1986-11-10,2.0,2026-07-20
GIS,1990-11-08,2.0,2026-07-20
GIS,1999-11-09,2.0,2026-07-20
GIS,2010-06-09,2.0,2026-07-20
GL,1992-08-20,1.5,2026-07-20
GL,1997-08-04,2.0,2026-07-20
GL,2011-07-05,1.5,2026-07-20
GL,2014-07-02,1.5,2026-07-20
GLW,1985-02-13,2.0,2026-07-20
GLW,1989-02-15,2.0,2026-07-20
GLW,1992-02-11,2.0,2026-07-20
GLW,2000-10-04,3.0,2026-07-20
GOOG,2015-04-27,1.0027455,2026-07-20
GOOG,2022-07-18,20.0,2026-07-20
GOOGL,2022-07-18,20.0,2026-07-20
GPC,1984-04-10,1.5,2026-07-20
GPC,1987-05-28,1.5,2026-07-20
GPC,1992-04-20,1.5,2026-07-20
GPC,1997-04-15,1.5,2026-07-20
GPN,2005-10-31,2.0,2026-07-20
GPN,2015-11-03,2.0,2026-07-20
GRMN,2006-08-16,2.0,2026-07-20
GWW,1985-06-10,2.0,2026-07-20
GWW,1991-06-10,2.0,2026-07-20
GWW,1998-06-15,2.0,2026-07-20
HAL,1976-04-30,3.0,2026-07-20
HAL,1980-12-26,2.0,2026-07-20
HAL,1997-07-22,2.0,2026-07-20
HAL,2006-07-17,2.0,2026-07-20
HAS,1982-08-20,1.5,2026-07-20
HAS,1983-02-23,1.5,2026-07-20
HAS,1983-08-22,1.5,2026-07-20
HAS,1985-01-28,2.5,2026-07-20
HAS,1986-08-15,2.0,2026-07-20
HAS,1992-03-17,1.5,2026-07-20
HAS,1997-03-24,1.5,2026-07-20
HAS,1999-03-16,1.5,2026-07-20
HBAN,1981-08-25,1.5,2026-07-20
HBAN,1985-08-01,2.0,2026-07-20
HBAN,1987-07-06,1.1,2026-07-20
HBAN,1988-08-01,1.25,2026-07-20
HBAN,1989-07-03,1.15,2026-07-20
HBAN,1990-07-03,1.1,2026-07-20
HBAN,1992-08-03,1.25,2026-07-20
HBAN,1994-08-01,1.25,2026-07-20
HBAN,1996-07-12,1.1,2026-07-20
HBAN,1997-07-11,1.1,2026-07-20
HBAN,1998-07-13,1.1,2026-07-20
HBAN,1999-07-12,1.1,2026-07-20
HBAN,2000-07-12,1.1,2026-07-20
HD,1982-01-20,1.5,2026-07-20
HD,1982-05-11,1.25,2026-07-20
HD,1982-12-08,2.0,2026-07-20
HD,1983-06-09,2.0,2026-07-20
HD,1987-09-22,1.5,2026-07-20
HD,1989-07-03,1.5,2026-07-20
HD,1990-07-06,1.5,2026-07-20
HD,1991-06-26,1.5,2026-07-20
HD,1992-07-02,1.5,2026-07-20
HD,1993-04-14,1.3333333333333333,2026-07-20
HD,1997-07-07,1.5,2026-07-20
HD,1998-07-06,2.0,2026-07-20
HD,1999-12-31,1.5,2026-07-20
HIG,1998-07-16,2.0,2026-07-20
HON,1965-02-04,1.02,2026-07-20
HON,1966-02-03,1.02,2026-07-20
HON,1967-02-03,1.02,2026-07-20
HON,1984-05-30,1.5,2026-07-20
HON,1994-03-15,2.0,2026-07-20
HON,1997-09-16,2.0,2026-07-20
HPQ,1970-03-20,2.0,2026-07-20
HPQ,1979-07-31,2.0,2026-07-20
HPQ,1981-07-20,2.0,2026-07-20
HPQ,1983-08-26,2.0,2026-07-20
HPQ,1995-04-17,2.0,2026-07-20
HPQ,1996-07-16,2.0,2026-07-20
HPQ,2000-10-30,2.0,2026-07-20
HRL,1985-09-04,2.0,2026-07-20
HRL,1987-06-02,2.0,2026-07-20
HRL,1990-02-21,2.0,2026-07-20
HRL,2000-02-16,2.0,2026-07-20
HRL,2011-02-15,2.0,2026-07-20
HRL,2016-02-10,2.0,2026-07-20
HSIC,2005-03-01,2.0,2026-07-20
HSIC,2017-09-15,2.0,2026-07-20
HST,1986-06-23,5.0,2026-07-20
HST,2009-11-04,1.0215,2026-07-20
HSY,1983-09-16,2.0,2026-07-20
HSY,1986-09-16,3.0,2026-07-20
HSY,1996-09-16,2.0,2026-07-20
HSY,2004-06-16,2.0,2026-07-20
HUBB,1977-08-08,1.3333333333333333,2026-07-20
HUBB,1981-02-11,2.0,2026-07-20
HUBB,1985-08-12,2.0,2026-07-20
HUBB,1989-01-09,1.05,2026-07-20
HUBB,1990-01-08,1.05,2026-07-20
HUBB,1991-01-07,1.05,2026-07-20
HUBB,1992-01-06,1.05,2026-07-20
HUBB,1995-01-09,1.05,2026-07-20
HUBB,1996-08-12,2.0,2026-07-20
HUM,1982-02-01,1.5,2026-07-20
HUM,1983-02-01,1.3333333333333333,2026-07-20
HUM,1984-02-01,1.2,2026-07-20
HUM,1991-08-01,1.5,2026-07-20
IBKR,2025-06-18,4.0,2026-07-20
IBM,1964-05-18,1.25,2026-07-20
IBM,1966-05-18,1.5,2026-07-20
IBM,1968-04-23,2.0,2026-07-20
IBM,1973-05-29,1.25,2026-07-20
IBM,1979-06-01,4.0,2026-07-20
IBM,1997-05-28,2.0,2026-07-20
IBM,1999-05-27,2.0,2026-07-20
ICE,2016-11-04,5.0,2026-07-20
IDXX,1993-10-04,2.0,2026-07-20
IDXX,1995-06-06,2.0,2026-07-20
IDXX,2007-11-27,2.0,2026-07-20
IDXX,2015-06-16,2.0,2026-07-20
IEX,1995-02-01,1.5,2026-07-20
IEX,1997-02-03,1.5,2026-07-20
IEX,2004-06-01,1.5,2026-07-20
IEX,2007-05-22,1.5,2026-07-20
IFF,1974-12-17,1.02,2026-07-20
IFF,1994-01-20,3.0,2026-07-20
INCY,1997-11-10,2.0,2026-07-20
INCY,2000-09-01,2.0,2026-07-20
INTC,1980-10-09,2.0,2026-07-20
INTC,1983-07-01,2.0,2026-07-20
INTC,1987-10-29,1.5,2026-07-20
INTC,1993-06-07,2.0,2026-07-20
INTC,1995-06-19,2.0,2026-07-20
INTC,1997-07-14,2.0,2026-07-20
INTC,1999-04-12,2.0,2026-07-20
INTC,2000-07-31,2.0,2026-07-20
INTU,1995-08-22,2.0,2026-07-20
INTU,1999-10-01,3.0,2026-07-20
INTU,2006-07-07,2.0,2026-07-20
IP,1962-11-19,1.02,2026-07-20
IP,1987-05-20,2.0,2026-07-20
IP,1995-09-18,2.0,2026-07-20
IRM,1998-08-03,1.5,2026-07-20
IRM,2002-01-02,1.5,2026-07-20
IRM,2004-07-01,1.5,2026-07-20
IRM,2007-01-03,1.5,2026-07-20
IRM,2014-09-26,1.082,2026-07-20
ISRG,2003-07-01,0.5,2026-07-20
ISRG,2017-10-06,3.0,2026-07-20
ISRG,2021-10-05,3.0,2026-07-20
IT,1994-08-29,2.0,2026-07-20
IT,1995-06-29,2.0,2026-07-20
IT,1996-04-01,2.0,2026-07-20
ITW,1984-05-23,2.0,2026-07-20
ITW,1987-05-27,2.0,2026-07-20
ITW,1993-06-21,2.0,2026-07-20
ITW,1997-05-28,2.0,2026-07-20
ITW,2006-05-26,2.0,2026-07-20
IVZ,1998-04-27,2.0,2026-07-20
IVZ,2000-11-08,2.5,2026-07-20
J,1981-03-17,1.5,2026-07-20
J,1990-04-03,2.0,2026-07-20
J,1991-05-29,2.0,2026-07-20
J,2002-04-02,2.0,2026-07-20
J,2007-03-16,2.0,2026-07-20
JBHT,1986-07-08,2.0,2026-07-20
JBHT,1992-03-16,1.5,2026-07-20
JBHT,2003-09-02,2.0,2026-07-20
JBHT,2005-05-24,2.0,2026-07-20
JBL,1997-07-23,2.0,2026-07-20
JBL,1999-02-18,2.0,2026-07-20
JBL,2000-03-31,2.0,2026-07-20
JCI,1987-09-28,2.0,2026-07-20
JCI,1995-11-15,2.0,2026-07-20
JCI,1997-10-23,2.0,2026-07-20
JCI,1999-10-22,2.0,2026-07-20
JCI,2007-07-02,0.25,2026-07-20
JKHY,1992-03-04,1.5,2026-07-20
JKHY,1993-03-09,1.5,2026-07-20
JKHY,1994-03-11,1.3333333333333333,2026-07-20
JKHY,1997-03-14,1.5,2026-07-20
JKHY,2000-03-03,2.0,2026-07-20
JKHY,2001-03-05,2.0,2026-07-20
JNJ,1967-06-19,3.0,2026-07-20
JNJ,1970-05-18,3.0,2026-07-20
JNJ,1981-05-19,3.0,2026-07-20
JNJ,1989-05-11,2.0,2026-07-20
JNJ,1992-06-10,2.0,2026-07-20
JNJ,1996-06-12,2.0,2026-07-20
JNJ,2001-06-13,2.0,2026-07-20
JPM,1982-04-16,1.5,2026-07-20
JPM,1984-04-16,1.5,2026-07-20
JPM,1998-06-15,2.0,2026-07-20
JPM,2000-06-12,1.5,2026-07-20
KEY,1992-04-15,1.5,2026-07-20
KEY,1998-03-09,2.0,2026-07-20
KIM,1995-12-22,1.5,2026-07-20
KIM,2001-12-24,1.5,2026-07-20
KIM,2005-08-24,2.0,2026-07-20
KLAC,1983-01-10,2.0,2026-07-20
KLAC,1983-12-09,2.0,2026-07-20
KLAC,1984-12-17,1.5,2026-07-20
KLAC,1995-10-02,2.0,2026-07-20
KLAC,2000-01-19,2.0,2026-07-20
KLAC,2026-06-12,10.0,2026-07-20
KMB,1984-05-25,2.0,2026-07-20
KMB,1987-05-26,2.0,2026-07-20
KMB,1992-01-03,2.0,2026-07-20
KMB,1997-04-03,2.0,2026-07-20
KO,1965-02-19,2.0,2026-07-20
KO,1968-06-03,2.0,2026-07-20
KO,1977-06-01,2.0,2026-07-20
KO,1986-07-01,3.0,2026-07-20
KO,1990-05-14,2.0,2026-07-20
KO,1992-05-12,2.0,2026-07-20
KO,1996-05-13,2.0,2026-07-20
KO,2012-08-13,2.0,2026-07-20
KR,1979-05-29,2.0,2026-07-20
KR,1986-10-01,2.0,2026-07-20
KR,1997-04-23,2.0,2026-07-20
KR,1999-06-29,2.0,2026-07-20
KR,2015-07-14,2.0,2026-07-20
L,1984-04-17,2.5,2026-07-20
L,1985-03-04,3.0,2026-07-20
L,1995-12-04,2.0,2026-07-20
L,2001-03-21,2.0,2026-07-20
L,2006-05-09,3.0,2026-07-20
LEN,1980-10-31,2.0,2026-07-20
LEN,1992-02-26,2.0,2026-07-20
LEN,1994-04-21,1.5,2026-07-20
LEN,2004-01-21,2.0,2026-07-20
LEN,2017-11-09,1.017,2026-07-20
LH,2000-05-04,0.1,2026-07-20
LH,2001-06-12,2.0,2026-07-20
LH,2002-05-13,2.0,2026-07-20
LHX,1997-09-29,2.0,2026-07-20
LHX,2005-03-31,2.0,2026-07-20
LIN,2003-12-16,2.0,2026-07-20
LLY,1986-01-30,2.0,2026-07-20
LLY,1989-05-01,2.0,2026-07-20
LLY,1995-12-21,2.0,2026-07-20
LLY,1997-10-16,2.0,2026-07-20
LMT,1983-09-09,3.0,2026-07-20
LMT,1999-01-04,2.0,2026-07-20
LNT,1988-09-26,2.0,2026-07-20
LNT,2016-05-20,2.0,2026-07-20
LOW,1992-06-29,2.0,2026-07-20
LOW,1994-04-04,2.0,2026-07-20
LOW,1998-06-29,2.0,2026-07-20
LOW,2001-07-02,2.0,2026-07-20
LOW,2006-07-03,2.0,2026-07-20
LRCX,1993-09-16,1.5,2026-07-20
LRCX,2000-03-17,3.0,2026-07-20
LRCX,2024-10-03,10.0,2026-07-20
LULU,2011-07-12,2.0,2026-07-20
LUV,1980-09-23,1.5,2026-07-20
LUV,1981-10-23,1.25,2026-07-20
LUV,1983-01-24,2.0,2026-07-20
LUV,1984-01-30,1.25,2026-07-20
LUV,1990-08-30,1.5,2026-07-20
LUV,1992-07-16,2.0,2026-07-20
LUV,1993-07-16,1.5,2026-07-20
LUV,1997-11-28,1.5,2026-07-20
LUV,1998-08-21,1.5,2026-07-20
LUV,1999-07-20,1.5,2026-07-20
LUV,2001-02-16,1.5,2026-07-20
MA,2014-01-22,10.0,2026-07-20
MAR,2006-06-12,2.0,2026-07-20
MAR,2009-06-23,1.004,2026-07-20
MAR,2009-08-18,1.004,2026-07-20
MAR,2009-11-17,1.003,2026-07-20
MAS,1982-12-30,2.0,2026-07-20
MAS,1986-05-20,2.0,2026-07-20
MAS,1998-07-13,2.0,2026-07-20
MCD,1971-06-14,1.5,2026-07-20
MCD,1972-06-06,2.0,2026-07-20
MCD,1982-10-07,1.5,2026-07-20
MCD,1984-09-25,1.5,2026-07-20
MCD,1986-06-26,1.5,2026-07-20
MCD,1987-06-23,1.5,2026-07-20
MCD,1989-06-19,2.0,2026-07-20
MCD,1994-06-27,2.0,2026-07-20
MCD,1999-03-08,2.0,2026-07-20
MCHP,1993-09-14,2.0,2026-07-20
MCHP,1994-04-05,1.5,2026-07-20
MCHP,1994-11-09,1.5,2026-07-20
MCHP,1997-01-07,1.5,2026-07-20
MCHP,2000-02-08,1.5,2026-07-20
MCHP,2000-09-27,1.5,2026-07-20
MCHP,2002-05-09,1.5,2026-07-20
MCHP,2021-10-13,2.0,2026-07-20
MCK,1998-01-05,2.0,2026-07-20
MCO,2005-05-19,2.0,2026-07-20
MDT,1980-08-01,2.0,2026-07-20
MDT,1989-08-31,2.0,2026-07-20
MDT,1991-08-30,2.0,2026-07-20
MDT,1994-09-30,2.0,2026-07-20
MDT,1995-09-29,2.0,2026-07-20
MDT,1997-09-15,2.0,2026-07-20
MDT,1999-09-27,2.0,2026-07-20
MGM,2000-02-28,2.0,2026-07-20
MGM,2005-05-19,2.0,2026-07-20
MKC,1977-03-22,2.0,2026-07-20
MKC,1988-04-28,2.0,2026-07-20
MKC,1990-01-22,2.0,2026-07-20
MKC,1992-01-21,2.0,2026-07-20
MKC,2002-04-09,2.0,2026-07-20
MKC,2020-12-01,2.0,2026-07-20
MMM,1972-06-16,2.0,2026-07-20
MMM,1987-06-16,2.0,2026-07-20
MMM,1994-04-11,2.0,2026-07-20
MMM,2003-09-30,2.0,2026-07-20
MNST,1988-02-29,0.02,2026-07-20
MNST,2005-08-09,2.0,2026-07-20
MNST,2006-07-10,4.0,2026-07-20
MNST,2012-02-16,2.0,2026-07-20
MNST,2016-11-10,3.0,2026-07-20
MNST,2023-03-28,2.0,2026-07-20
MO,1966-05-19,3.0,2026-07-20
MO,1969-05-22,2.0,2026-07-20
MO,1974-06-03,2.0,2026-07-20
MO,1979-06-01,2.0,2026-07-20
MO,1986-04-11,2.0,2026-07-20
MO,1989-10-11,4.0,2026-07-20
MO,1997-04-11,3.0,2026-07-20
MOS,1995-12-01,2.0,2026-07-20
MPC,2015-06-11,2.0,2026-07-20
MRK,1964-05-27,3.0,2026-07-20
MRK,1972-06-01,2.0,2026-07-20
MRK,1986-05-27,2.0,2026-07-20
MRK,1988-05-26,3.0,2026-07-20
MRK,1992-05-26,3.0,2026-07-20
MRK,1999-02-17,2.0,2026-07-20
MRSH,1986-05-15,2.0,2026-07-20
MRSH,1997-06-30,2.0,2026-07-20
MRSH,1998-06-29,1.5,2026-07-20
MRSH,2002-07-01,2.0,2026-07-20
MRVL,2004-06-29,2.0,2026-07-20
MRVL,2006-07-25,2.0,2026-07-20
MS,1997-01-15,2.0,2026-07-20
MS,2000-01-27,2.0,2026-07-20
MSFT,1987-09-21,2.0,2026-07-20
MSFT,1990-04-16,2.0,2026-07-20
MSFT,1991-06-27,1.5,2026-07-20
MSFT,1992-06-15,1.5,2026-07-20
MSFT,1994-05-23,2.0,2026-07-20
MSFT,1996-12-09,2.0,2026-07-20
MSFT,1998-02-23,2.0,2026-07-20
MSFT,1999-03-29,2.0,2026-07-20
MSFT,2003-02-18,2.0,2026-07-20
MSI,1965-05-26,1.5,2026-07-20
MSI,1970-05-26,2.0,2026-07-20
MSI,1973-06-04,2.0,2026-07-20
MSI,1984-06-04,3.0,2026-07-20
MSI,1993-01-19,2.0,2026-07-20
MSI,1994-04-19,2.0,2026-07-20
MSI,2000-06-02,3.0,2026-07-20
MTB,1987-09-25,2.0,2026-07-20
MTB,2000-10-06,10.0,2026-07-20
MU,1994-04-19,2.5,2026-07-20
MU,1995-05-23,2.0,2026-07-20
MU,2000-05-02,2.0,2026-07-20
NDAQ,2022-08-29,3.0,2026-07-20
NDSN,1984-01-04,1.5,2026-07-20
NDSN,1987-05-01,1.5,2026-07-20
NDSN,1991-09-25,2.0,2026-07-20
NDSN,2000-09-13,2.0,2026-07-20
NDSN,2011-04-13,2.0,2026-07-20
NEE,1985-01-31,2.0,2026-07-20
NEE,2005-03-16,2.0,2026-07-20
NEE,2020-10-27,4.0,2026-07-20
NEM,1987-06-11,2.0,2026-07-20
NEM,1987-10-09,1.5,2026-07-20
NEM,1994-04-22,1.25,2026-07-20
NFLX,2004-02-12,2.0,2026-07-20
NFLX,2015-07-15,7.0,2026-07-20
NFLX,2025-11-17,10.0,2026-07-20
NI,1998-02-23,2.0,2026-07-20
NKE,1990-10-08,2.0,2026-07-20
NKE,1995-10-31,2.0,2026-07-20
NKE,1996-10-24,2.0,2026-07-20
NKE,2007-04-03,2.0,2026-07-20
NKE,2012-12-26,2.0,2026-07-20
NKE,2015-12-24,2.0,2026-07-20
NOC,1984-09-11,3.0,2026-07-20
NOC,2004-06-22,2.0,2026-07-20
NOW,2025-12-18,5.0,2026-07-20
NRG,2007-06-01,2.0,2026-07-20
NSC,1987-04-07,3.0,2026-07-20
NSC,1997-10-10,3.0,2026-07-20
NTAP,1997-12-19,2.0,2026-07-20
NTAP,1998-12-22,2.0,2026-07-20
NTAP,1999-12-21,2.0,2026-07-20
NTAP,2000-03-23,2.0,2026-07-20
NTRS,1986-05-01,3.0,2026-07-20
NTRS,1990-05-01,2.0,2026-07-20
NTRS,1992-12-10,1.5,2026-07-20
NTRS,1996-12-10,2.0,2026-07-20
NTRS,1999-12-10,2.0,2026-07-20
NUE,1983-09-21,2.0,2026-07-20
NUE,1986-06-18,1.5,2026-07-20
NUE,1992-06-22,2.0,2026-07-20
NUE,1993-09-20,2.0,2026-07-20
NUE,2004-10-18,2.0,2026-07-20
NUE,2006-06-01,2.0,2026-07-20
NVDA,2000-06-27,2.0,2026-07-20
NVDA,2001-09-17,2.0,2026-07-21
NVDA,2006-04-07,2.0,2026-07-20
NVDA,2007-09-11,1.5,2026-07-20
NVDA,2021-07-20,4.0,2026-07-20
NVDA,2024-06-10,10.0,2026-07-20
O,2005-01-03,2.0,2026-07-20
ODFL,2003-06-17,1.5,2026-07-20
ODFL,2004-05-21,1.5,2026-07-20
ODFL,2005-12-01,1.5,2026-07-20
ODFL,2010-08-24,1.5,2026-07-20
ODFL,2012-09-10,1.5,2026-07-20
ODFL,2020-03-25,1.5,2026-07-20
ODFL,2024-03-28,2.0,2026-07-20
OKE,1990-03-01,2.0,2026-07-20
OKE,2001-06-12,2.0,2026-07-20
OKE,2012-06-04,2.0,2026-07-20
OMC,1981-01-16,2.0,2026-07-20
OMC,1995-12-28,2.0,2026-07-20
OMC,1997-12-30,2.0,2026-07-20
OMC,2007-06-26,2.0,2026-07-20
ORCL,1987-03-25,2.0,2026-07-20
ORCL,1987-12-21,2.0,2026-07-20
ORCL,1989-07-03,2.0,2026-07-20
ORCL,1993-11-09,2.0,2026-07-20
ORCL,1995-02-23,1.5,2026-07-20
ORCL,1996-04-17,1.5,2026-07-20
ORCL,1997-08-18,1.5,2026-07-20
ORCL,1999-03-01,1.5,2026-07-20
ORCL,2000-01-19,2.0,2026-07-20
ORCL,2000-10-13,2.0,2026-07-20
ORLY,1997-09-02,2.0,2026-07-20
ORLY,1999-12-01,2.0,2026-07-20
ORLY,2005-06-16,2.0,2026-07-20
ORLY,2025-06-10,15.0,2026-07-20
OXY,2006-08-16,2.0,2026-07-20
PANW,2022-09-14,3.0,2026-07-20
PANW,2024-12-16,2.0,2026-07-20
PAYX,1986-06-13,1.5,2026-07-20
PAYX,1987-11-16,1.5,2026-07-20
PAYX,1992-05-21,1.5,2026-07-20
PAYX,1993-08-27,1.5,2026-07-20
PAYX,1995-05-26,1.5,2026-07-20
PAYX,1996-05-24,1.5,2026-07-20
PAYX,1997-05-30,1.5,2026-07-20
PAYX,1998-05-26,1.5,2026-07-20
PAYX,1999-05-24,1.5,2026-07-20
PAYX,2000-05-23,1.5,2026-07-20
PCAR,1982-01-11,1.1,2026-07-20
PCAR,1983-12-28,2.0,2026-07-20
PCAR,1988-08-01,2.0,2026-07-20
PCAR,1997-05-22,2.0,2026-07-20
PCAR,2002-05-29,1.5,2026-07-20
PCAR,2004-02-06,1.5,2026-07-20
PCAR,2006-08-11,1.5,2026-07-20
PCAR,2007-10-10,1.5,2026-07-20
PCAR,2023-02-08,1.5,2026-07-20
PCG,1983-07-18,2.0,2026-07-20
PEG,1987-07-27,1.5,2026-07-20
PEG,2008-02-05,2.0,2026-07-20
PEP,1977-05-31,3.0,2026-07-20
PEP,1986-05-29,3.0,2026-07-20
PEP,1990-09-05,3.0,2026-07-20
PEP,1996-05-29,2.0,2026-07-20
PFE,1983-07-01,2.0,2026-07-20
PFE,1991-04-01,2.0,2026-07-20
PFE,1995-07-03,2.0,2026-07-20
PFE,1997-07-01,2.0,2026-07-20
PFE,1999-07-01,3.0,2026-07-20
PG,1970-05-19,2.0,2026-07-20
PG,1983-02-22,2.0,2026-07-20
PG,1989-11-20,2.0,2026-07-20
PG,1992-06-15,2.0,2026-07-20
PG,1997-09-22,2.0,2026-07-20
PG,2004-06-21,2.0,2026-07-20
PGR,1980-09-23,1.5,2026-07-20
PGR,1981-06-08,1.5,2026-07-20
PGR,1983-05-16,1.5,2026-07-20
PGR,1985-05-28,1.5,2026-07-20
PGR,1986-05-27,2.25,2026-07-20
PGR,1992-12-09,3.0,2026-07-20
PGR,2002-04-23,3.0,2026-07-20
PGR,2006-05-19,4.0,2026-07-20
PH,1986-06-09,1.5,2026-07-20
PH,1995-06-02,1.5,2026-07-20
PH,1997-09-08,1.5,2026-07-20
PH,2007-10-02,1.5,2026-07-20
PHM,1980-09-08,2.0,2026-07-20
PHM,1982-12-16,2.0,2026-07-20
PHM,1983-05-31,2.0,2026-07-20
PHM,1998-06-02,2.0,2026-07-20
PHM,2004-01-05,2.0,2026-07-20
PHM,2005-09-02,2.0,2026-07-20
PNC,1982-05-21,2.0,2026-07-20
PNC,1985-07-02,2.0,2026-07-20
PNC,1992-11-16,2.0,2026-07-20
PNR,1993-06-14,1.5,2026-07-20
PNR,1996-02-20,2.0,2026-07-20
PNR,2004-06-09,2.0,2026-07-20
PPG,1983-09-13,2.0,2026-07-20
PPG,1987-03-13,2.0,2026-07-20
PPG,1994-06-13,2.0,2026-07-20
PPG,2015-06-15,2.0,2026-07-20
PPL,1992-05-12,2.0,2026-07-20
PPL,2005-08-25,2.0,2026-07-20
PTC,1991-06-28,1.5,2026-07-20
PTC,1992-02-26,2.0,2026-07-20
PTC,1993-02-26,2.0,2026-07-20
PTC,1996-03-01,2.0,2026-07-20
PTC,1998-03-09,2.0,2026-07-20
PTC,2006-02-28,0.4,2026-07-20
PWR,2000-04-10,1.5,2026-07-20
QCOM,1994-02-24,2.0,2026-07-20
QCOM,1999-05-11,2.0,2026-07-20
QCOM,1999-12-31,4.0,2026-07-20
QCOM,2004-08-16,2.0,2026-07-20
RCL,1998-08-03,2.0,2026-07-20
RF,1984-06-04,2.0,2026-07-20
RF,1986-06-02,2.0,2026-07-20
RF,1993-03-01,1.1,2026-07-20
RF,1997-06-16,2.0,2026-07-20
RJF,1991-04-22,1.5,2026-07-20
RJF,1992-02-04,1.5,2026-07-20
RJF,1993-11-16,1.5,2026-07-20
RJF,1997-04-04,1.5,2026-07-20
RJF,1998-04-03,1.5,2026-07-20
RJF,2004-03-25,1.5,2026-07-20
RJF,2006-03-23,1.5,2026-07-20
RJF,2021-09-22,1.5,2026-07-20
RMD,1998-11-17,2.0,2026-07-20
RMD,2000-04-03,2.0,2026-07-20
RMD,2005-10-03,2.0,2026-07-20
RMD,2010-08-31,2.0,2026-07-20
ROK,1983-06-20,2.0,2026-07-20
ROK,1987-04-14,2.0,2026-07-20
ROL,1981-03-11,2.0,2026-07-20
ROL,1992-12-11,1.5,2026-07-20
ROL,2003-03-11,1.5,2026-07-20
ROL,2005-03-11,1.5,2026-07-20
ROL,2007-12-11,1.5,2026-07-20
ROL,2010-12-13,1.5,2026-07-20
ROL,2015-03-11,1.5,2026-07-20
ROL,2018-12-11,1.5,2026-07-20
ROL,2020-12-11,1.5,2026-07-20
ROP,1993-09-21,2.0,2026-07-20
ROP,1997-08-04,2.0,2026-07-20
ROP,2005-08-29,2.0,2026-07-20
ROST,1997-03-06,2.0,2026-07-20
ROST,1999-09-23,2.0,2026-07-20
ROST,2003-12-19,2.0,2026-07-20
ROST,2011-12-16,2.0,2026-07-20
ROST,2015-06-12,2.0,2026-07-20
RSG,2007-03-19,1.5,2026-07-20
RTX,1965-11-01,1.5,2026-07-20
RTX,1976-05-19,2.0,2026-07-20
RTX,1984-06-11,2.0,2026-07-20
RTX,1996-12-11,2.0,2026-07-20
RTX,1999-05-18,2.0,2026-07-20
RTX,2005-06-13,2.0,2026-07-20
RVTY,1980-02-04,2.0,2026-07-20
RVTY,1982-02-02,2.0,2026-07-20
RVTY,1992-05-11,2.0,2026-07-20
RVTY,2001-06-04,2.0,2026-07-20
SBUX,1993-09-30,2.0,2026-07-20
SBUX,1995-12-04,2.0,2026-07-20
SBUX,1999-03-22,2.0,2026-07-20
SBUX,2001-04-30,2.0,2026-07-20
SBUX,2005-10-24,2.0,2026-07-20
SBUX,2015-04-09,2.0,2026-07-20
SCHW,1991-12-03,1.5,2026-07-20
SCHW,1993-06-02,1.5,2026-07-20
SCHW,1995-03-02,1.5,2026-07-20
SCHW,1995-09-05,2.0,2026-07-20
SCHW,1997-09-16,1.5,2026-07-20
SCHW,1998-12-14,1.5,2026-07-20
SCHW,1999-07-02,2.0,2026-07-20
SCHW,2000-05-31,1.5,2026-07-20
SHW,1981-03-31,2.0,2026-07-20
SHW,1983-03-31,2.0,2026-07-20
SHW,1986-04-01,2.0,2026-07-20
SHW,1991-04-01,2.0,2026-07-20
SHW,1997-03-31,2.0,2026-07-20
SHW,2021-04-01,3.0,2026-07-20
SLB,1997-07-14,2.0,2026-07-20
SLB,2006-04-10,2.0,2026-07-20
SMCI,2024-10-01,10.0,2026-07-20
SNA,1979-05-14,2.0,2026-07-20
SNA,1986-07-28,2.0,2026-07-20
SNA,1996-09-11,1.5,2026-07-20
SNPS,1995-09-11,2.0,2026-07-20
SNPS,2003-09-24,2.0,2026-07-20
SO,1994-03-01,2.0,2026-07-20
SPG,2009-08-13,1.00722,2026-07-20
SPG,2009-11-12,1.0063,2026-07-20
SPGI,1983-06-02,2.0,2026-07-20
SPGI,1996-04-29,2.0,2026-07-20
SPGI,1999-03-09,2.0,2026-07-20
SPGI,2005-05-18,2.0,2026-07-20
SRE,2023-08-22,2.0,2026-07-20
STE,1995-08-25,2.0,2026-07-20
STE,1998-08-25,2.0,2026-07-20
STLD,2006-11-21,2.0,2026-07-20
STLD,2008-03-31,2.0,2026-07-20
STT,1982-05-20,2.0,2026-07-20
STT,1983-05-19,2.0,2026-07-20
STT,1985-08-16,2.0,2026-07-20
STT,1986-08-06,2.0,2026-07-20
STT,1992-05-14,2.0,2026-07-20
STT,1997-05-29,2.0,2026-07-20
STT,2001-05-31,2.0,2026-07-20
STZ,1992-07-21,1.5,2026-07-20
STZ,2001-05-15,2.0,2026-07-20
STZ,2002-05-14,2.0,2026-07-20
STZ,2005-05-16,2.0,2026-07-20
SWK,1980-05-21,2.0,2026-07-20
SWK,1986-09-30,1.5,2026-07-20
SWK,1996-06-04,2.0,2026-07-20
SWKS,1999-02-19,1.5,2026-07-20
SWKS,2000-04-20,2.0,2026-07-20
SYK,1980-11-12,1.5,2026-07-20
SYK,1982-11-15,1.5,2026-07-20
SYK,1985-09-17,1.5,2026-07-20
SYK,1987-06-12,2.0,2026-07-20
SYK,1989-06-20,1.5,2026-07-20
SYK,1991-06-14,2.0,2026-07-20
SYK,1996-06-11,2.0,2026-07-20
SYK,2000-05-15,2.0,2026-07-20
SYK,2004-05-17,2.0,2026-07-20
SYY,1979-06-22,1.5,2026-07-20
SYY,1980-12-23,1.5,2026-07-20
SYY,1982-06-28,2.0,2026-07-20
SYY,1986-03-31,2.0,2026-07-20
SYY,1989-10-18,2.0,2026-07-20
SYY,1992-06-22,2.0,2026-07-20
SYY,1998-03-23,2.0,2026-07-20
SYY,2000-12-18,2.0,2026-07-20
T,1987-05-26,3.0,2026-07-20
T,1993-05-26,2.0,2026-07-20
T,1998-03-20,2.0,2026-07-20
TAP,2007-10-04,2.0,2026-07-20
TECH,1997-11-18,2.0,2026-07-20
TECH,2000-12-04,2.0,2026-07-20
TECH,2022-11-30,4.0,2026-07-20
TER,1982-10-25,2.0,2026-07-20
TER,1983-08-01,2.0,2026-07-20
TER,1995-08-30,2.0,2026-07-20
TER,1999-09-01,2.0,2026-07-20
TFC,1983-07-01,1.25,2026-07-20
TFC,1985-04-29,2.0,2026-07-20
TFC,1987-06-23,1.5,2026-07-20
TFC,1989-07-03,1.5,2026-07-20
TFC,1998-08-04,2.0,2026-07-20
TGT,1981-12-01,2.0,2026-07-20
TGT,1983-07-25,2.0,2026-07-20
TGT,1996-07-18,3.0,2026-07-20
TGT,1998-05-01,2.0,2026-07-20
TGT,2000-07-20,2.0,2026-07-20
TJX,1997-06-27,2.0,2026-07-20
TJX,1998-06-26,2.0,2026-07-20
TJX,2002-05-09,2.0,2026-07-20
TJX,2012-02-03,2.0,2026-07-20
TJX,2018-11-07,2.0,2026-07-20
TMO,1984-01-04,1.5,2026-07-20
TMO,1985-09-17,1.5,2026-07-20
TMO,1986-11-03,1.5,2026-07-20
TMO,1993-10-29,1.5,2026-07-20
TMO,1995-05-25,1.5,2026-07-20
TMO,1996-06-06,1.5,2026-07-20
TMUS,2013-05-01,0.5,2026-07-20
TPL,2007-07-13,5.0,2026-07-20
TPL,2024-03-27,3.0,2026-07-20
TPL,2025-12-23,3.0,2026-07-20
TPR,2002-07-05,2.0,2026-07-20
TPR,2003-10-02,2.0,2026-07-20
TPR,2005-04-05,2.0,2026-07-20
TRMB,2004-03-05,1.5,2026-07-20
TRMB,2007-02-23,2.0,2026-07-20
TRMB,2013-03-21,2.0,2026-07-20
TROW,1990-01-02,2.0,2026-07-20
TROW,1993-12-01,2.0,2026-07-20
TROW,1996-05-01,2.0,2026-07-20
TROW,1998-05-01,2.0,2026-07-20
TROW,2006-06-26,2.0,2026-07-20
TRV,1994-06-07,2.0,2026-07-20
TRV,1998-05-12,2.0,2026-07-20
TSCO,2002-08-20,2.0,2026-07-20
TSCO,2003-08-22,2.0,2026-07-20
TSCO,2010-09-03,2.0,2026-07-20
TSCO,2013-09-27,2.0,2026-07-20
TSCO,2024-12-20,5.0,2026-07-20
TSLA,2020-08-31,5.0,2026-07-20
TSLA,2022-08-25,3.0,2026-07-20
TSN,1987-04-16,1.5,2026-07-20
TSN,1991-04-16,2.0,2026-07-20
TSN,1997-02-18,1.5,2026-07-20
TT,1987-07-13,2.5,2026-07-20
TT,1992-06-02,2.0,2026-07-20
TT,1997-09-03,1.5,2026-07-20
TT,2005-09-02,2.0,2026-07-20
TTD,2021-06-17,10.0,2026-07-20
TTWO,2005-04-12,1.5,2026-07-20
TXN,1973-05-29,2.0,2026-07-20
TXN,1987-06-15,3.0,2026-07-20
TXN,1995-08-21,2.0,2026-07-20
TXN,1997-11-24,2.0,2026-07-20
TXN,1999-08-17,2.0,2026-07-20
TXN,2000-05-23,2.0,2026-07-20
TXT,1987-05-29,2.0,2026-07-20
TXT,1997-06-02,2.0,2026-07-20
TXT,2007-08-27,2.0,2026-07-20
TYL,1985-04-12,2.0,2026-07-20
TYL,1990-05-15,3.0,2026-07-20
UDR,1983-08-01,1.5,2026-07-20
UDR,1993-05-06,2.0,2026-07-20
UHS,1983-07-05,2.0,2026-07-20
UHS,1996-05-20,2.0,2026-07-20
UHS,2001-06-04,2.0,2026-07-20
UHS,2009-12-16,2.0,2026-07-20
UNH,1992-09-16,2.0,2026-07-20
UNH,1994-03-11,2.0,2026-07-20
UNH,2000-12-26,2.0,2026-07-20
UNH,2003-06-19,2.0,2026-07-20
UNH,2005-05-31,2.0,2026-07-20
UNP,1980-05-12,2.0,2026-07-20
UNP,1991-10-02,2.0,2026-07-20
UNP,2008-05-29,2.0,2026-07-20
UNP,2014-06-09,2.0,2026-07-20
USB,1979-02-22,1.25,2026-07-20
USB,1985-04-16,2.0,2026-07-20
USB,1989-04-17,2.0,2026-07-20
USB,1997-01-16,3.0,2026-07-20
USB,1999-04-16,3.0,2026-07-20
V,2015-03-19,4.0,2026-07-20
VLO,2004-10-08,2.0,2026-07-20
VLO,2005-12-16,2.0,2026-07-20
VMC,1976-05-17,2.0,2026-07-20
VMC,1989-03-13,4.0,2026-07-20
VMC,1999-03-11,3.0,2026-07-20
VRSN,1999-06-01,2.0,2026-07-20
VRSN,1999-12-07,2.0,2026-07-20
VRTX,2000-08-24,2.0,2026-07-20
VTRS,1992-08-03,2.0,2026-07-20
VTRS,1995-08-16,1.5,2026-07-20
VTRS,2003-01-28,1.5,2026-07-20
VTRS,2003-10-09,1.5,2026-07-20
VZ,1986-04-18,2.0,2026-07-20
VZ,1990-05-02,2.0,2026-07-20
VZ,1998-06-30,2.0,2026-07-20
WAB,2013-06-12,2.0,2026-07-20
WAT,1999-06-11,2.0,2026-07-20
WAT,2000-08-28,2.0,2026-07-20
WDC,1997-06-04,2.0,2026-07-20
WEC,1982-07-28,1.5,2026-07-20
WEC,1987-07-01,2.0,2026-07-20
WEC,1992-07-01,1.5,2026-07-20
WEC,2011-03-02,2.0,2026-07-20
WELL,1985-09-04,1.5,2026-07-20
WFC,1977-06-20,2.0,2026-07-20
WFC,1988-07-01,1.5,2026-07-20
WFC,1989-07-24,2.0,2026-07-20
WFC,1993-06-29,2.0,2026-07-20
WFC,1997-10-14,2.0,2026-07-20
WFC,2006-08-14,2.0,2026-07-20
WMB,1993-11-08,2.0,2026-07-20
WMB,1996-12-31,1.5,2026-07-20
WMB,1997-12-30,2.0,2026-07-20
WMT,1975-08-25,2.0,2026-07-20
WMT,1980-12-17,2.0,2026-07-20
WMT,1982-07-12,2.0,2026-07-20
WMT,1983-07-11,2.0,2026-07-20
WMT,1985-10-07,2.0,2026-07-20
WMT,1987-07-13,2.0,2026-07-20
WMT,1990-07-09,2.0,2026-07-20
WMT,1993-02-26,2.0,2026-07-20
WMT,1999-04-20,2.0,2026-07-20
WMT,2024-02-26,3.0,2026-07-20
WRB,1986-06-19,1.5,2026-07-20
WRB,1991-05-06,1.5,2026-07-20
WRB,1997-09-19,1.5,2026-07-20
WRB,2002-07-03,1.5,2026-07-20
WRB,2003-08-28,1.5,2026-07-20
WRB,2005-04-11,1.5,2026-07-20
WRB,2006-04-05,1.5,2026-07-20
WRB,2019-04-03,1.5,2026-07-20
WRB,2022-03-24,1.5,2026-07-20
WRB,2024-07-11,1.5,2026-07-20
WSM,1986-06-27,1.5,2026-07-20
WSM,1989-06-29,1.5,2026-07-20
WSM,1990-07-02,1.5,2026-07-20
WSM,1994-02-22,1.5,2026-07-20
WSM,1994-09-27,1.5,2026-07-20
WSM,1998-05-18,2.0,2026-07-20
WSM,2002-05-10,2.0,2026-07-20
WSM,2024-07-09,2.0,2026-07-20
WST,1982-05-06,2.0,2026-07-20
WST,1987-06-02,2.0,2026-07-20
WST,2004-09-30,2.0,2026-07-22
WST,2013-09-27,2.0,2026-07-20
WY,1973-12-12,2.0,2026-07-20
WY,1988-06-03,1.5,2026-07-20
XEL,1986-06-16,2.0,2026-07-20
XEL,1998-06-02,2.0,2026-07-20
XOM,1976-07-26,2.0,2026-07-20
XOM,1981-06-12,2.0,2026-07-20
XOM,1987-09-15,2.0,2026-07-20
XOM,1997-04-14,2.0,2026-07-20
XOM,2001-07-19,2.0,2026-07-20
YUM,2002-06-18,2.0,2026-07-20
YUM,2007-06-27,2.0,2026-07-20
ZBRA,1995-12-29,2.0,2026-07-20
ZBRA,2003-08-22,1.5,2026-07-20
ZBRA,2004-08-26,1.5,2026-07-20
